-- phpMyAdmin SQL Dump
-- version 4.2.7.1
-- http://www.phpmyadmin.net
--
-- Хост: 127.0.0.1
-- Время создания: Ноя 19 2014 г., 10:55
-- Версия сервера: 5.6.20
-- Версия PHP: 5.5.15

SET SQL_MODE = "NO_AUTO_VALUE_ON_ZERO";
SET time_zone = "+00:00";


/*!40101 SET @OLD_CHARACTER_SET_CLIENT=@@CHARACTER_SET_CLIENT */;
/*!40101 SET @OLD_CHARACTER_SET_RESULTS=@@CHARACTER_SET_RESULTS */;
/*!40101 SET @OLD_COLLATION_CONNECTION=@@COLLATION_CONNECTION */;
/*!40101 SET NAMES utf8 */;

--
-- База данных: `myproject`
--

-- --------------------------------------------------------

--
-- Структура таблицы `authassignment`
--

CREATE TABLE IF NOT EXISTS `authassignment` (
  `itemname` varchar(64) NOT NULL,
  `userid` varchar(64) NOT NULL,
  `bizrule` text,
  `data` text
) ENGINE=InnoDB DEFAULT CHARSET=latin1;

--
-- Дамп данных таблицы `authassignment`
--

INSERT INTO `authassignment` (`itemname`, `userid`, `bizrule`, `data`) VALUES
('Admin', '1', NULL, 'N;'),
('Admin', '7', NULL, 'N;'),
('Authenticated', '2', NULL, 'N;');

-- --------------------------------------------------------

--
-- Структура таблицы `authitem`
--

CREATE TABLE IF NOT EXISTS `authitem` (
  `name` varchar(64) NOT NULL,
  `type` int(11) NOT NULL,
  `description` text,
  `bizrule` text,
  `data` text
) ENGINE=InnoDB DEFAULT CHARSET=latin1;

--
-- Дамп данных таблицы `authitem`
--

INSERT INTO `authitem` (`name`, `type`, `description`, `bizrule`, `data`) VALUES
('Admin', 2, '?????????????', NULL, 'N;'),
('Authenticated', 2, '?????????????????? ????????????', NULL, 'N;'),
('Guest', 2, '?????', NULL, 'N;');

-- --------------------------------------------------------

--
-- Структура таблицы `authitemchild`
--

CREATE TABLE IF NOT EXISTS `authitemchild` (
  `parent` varchar(64) NOT NULL,
  `child` varchar(64) NOT NULL
) ENGINE=InnoDB DEFAULT CHARSET=latin1;

-- --------------------------------------------------------

--
-- Структура таблицы `rights`
--

CREATE TABLE IF NOT EXISTS `rights` (
  `itemname` varchar(64) NOT NULL,
  `type` int(11) NOT NULL,
  `weight` int(11) NOT NULL
) ENGINE=InnoDB DEFAULT CHARSET=latin1;

-- --------------------------------------------------------

--
-- Структура таблицы `tbl_friend`
--

CREATE TABLE IF NOT EXISTS `tbl_friend` (
`id` int(11) NOT NULL,
  `user1` int(11) NOT NULL,
  `user2` int(11) NOT NULL,
  `relation` int(11) unsigned NOT NULL
) ENGINE=InnoDB  DEFAULT CHARSET=utf8 AUTO_INCREMENT=197 ;

--
-- Дамп данных таблицы `tbl_friend`
--

INSERT INTO `tbl_friend` (`id`, `user1`, `user2`, `relation`) VALUES
(1, 1, 2, 2),
(2, 1, 3, 2),
(3, 3, 1, 2),
(4, 2, 1, 2),
(15, 1, 7, 2),
(16, 7, 1, 2),
(23, 1, 6, 2),
(24, 6, 1, 2),
(29, 8, 7, 0),
(30, 7, 8, 1),
(31, 8, 1, 2),
(32, 1, 8, 2),
(33, 8, 4, 0),
(34, 4, 8, 1),
(53, 9, 7, 0),
(54, 7, 9, 1),
(133, 9, 3, 0),
(134, 3, 9, 1),
(135, 9, 3, 0),
(136, 3, 9, 1),
(147, 9, 4, 0),
(148, 4, 9, 1),
(171, 1, 4, 0),
(172, 4, 1, 1),
(173, 41, 38, 0),
(174, 38, 41, 1),
(175, 41, 9, 0),
(176, 9, 41, 1),
(177, 41, 8, 0),
(178, 8, 41, 1),
(179, 41, 7, 0),
(180, 7, 41, 1),
(181, 41, 6, 0),
(182, 6, 41, 1),
(183, 41, 5, 0),
(184, 5, 41, 1),
(193, 41, 3, 0),
(194, 3, 41, 1),
(195, 41, 4, 0),
(196, 4, 41, 1);

-- --------------------------------------------------------

--
-- Структура таблицы `tbl_mchat`
--

CREATE TABLE IF NOT EXISTS `tbl_mchat` (
`id` int(11) NOT NULL,
  `user_id` int(11) NOT NULL,
  `text` text NOT NULL,
  `date` datetime NOT NULL
) ENGINE=InnoDB  DEFAULT CHARSET=utf8 AUTO_INCREMENT=19 ;

--
-- Дамп данных таблицы `tbl_mchat`
--

INSERT INTO `tbl_mchat` (`id`, `user_id`, `text`, `date`) VALUES
(1, 4, 'Проверочное сообщение в мини-чате!', '2014-11-07 04:28:46'),
(2, 2, 'Проверка проверка проверка!!', '2014-11-07 03:19:33'),
(3, 1, '34346', '2014-11-07 15:41:46'),
(4, 1, 'Всем привет!', '2014-11-07 15:42:33'),
(5, 1, '345345', '2014-11-07 15:48:06'),
(6, 1, 'rtytry', '2014-11-07 15:48:12'),
(7, 1, '567567', '2014-11-07 15:50:02'),
(8, 1, '3555', '2014-11-07 15:50:05'),
(9, 1, 'Всем привет!', '2014-11-07 15:50:34'),
(10, 8, '[b]admin[/b], привет! :) ', '2014-11-07 15:51:55'),
(11, 8, ' :cool:  :cry:  :p  :D ', '2014-11-07 15:52:34'),
(12, 1, 'А теперь проверка длинного сообщения!) Длинноооооооого предли нного!!! Дизайн', '2014-11-07 15:59:35'),
(13, 1, 'Звуууук!) :like: ', '2014-11-07 16:01:48'),
(14, 1, ' :cry:  :cool:  :angry: ', '2014-11-07 16:19:42'),
(15, 8, '[b]admin[/b], почему грустишь?', '2014-11-07 20:44:57'),
(16, 8, '[b]julia[/b], да все окей, бро! :) ', '2014-11-08 20:50:11'),
(17, 6, '[b]julia[/b], и ещё одна проверка мини-чата на звук!', '2014-11-08 20:50:49'),
(18, 41, 'проверка сообщений от вк пользователя))', '2014-11-18 14:02:13');

-- --------------------------------------------------------

--
-- Структура таблицы `tbl_messages`
--

CREATE TABLE IF NOT EXISTS `tbl_messages` (
`id` int(11) NOT NULL,
  `sender_id` int(11) NOT NULL,
  `receiver_id` int(11) NOT NULL,
  `subject` varchar(256) NOT NULL DEFAULT '',
  `body` text,
  `is_read` enum('0','1') NOT NULL DEFAULT '0',
  `deleted_by` enum('sender','receiver') DEFAULT NULL,
  `created_at` datetime NOT NULL
) ENGINE=MyISAM  DEFAULT CHARSET=utf8 AUTO_INCREMENT=13 ;

--
-- Дамп данных таблицы `tbl_messages`
--

INSERT INTO `tbl_messages` (`id`, `sender_id`, `receiver_id`, `subject`, `body`, `is_read`, `deleted_by`, `created_at`) VALUES
(1, 6, 2, 'hi bro', 'lalala', '0', NULL, '2014-10-31 06:55:49'),
(2, 6, 1, 'qwr', 'hi bro', '1', NULL, '2014-10-31 06:56:52'),
(3, 1, 6, 'Re: qwr', 'you are fat pig!', '1', 'sender', '2014-10-31 06:57:22'),
(4, 1, 6, 'Re: qwr', '567', '0', NULL, '2014-10-31 07:04:59'),
(5, 1, 6, '3432', '324324', '0', NULL, '2014-10-31 07:06:48'),
(6, 1, 6, 'Привер', 'Бро!', '0', NULL, '2014-10-31 07:07:21'),
(7, 6, 6, 'wer', 'wetet', '1', NULL, '2014-10-31 12:00:11'),
(8, 1, 1, 'admin', 'i will be back!', '1', NULL, '2014-11-01 15:35:27'),
(9, 1, 1, 'hi', 'hi bro!', '0', NULL, '2014-11-02 13:46:03'),
(10, 9, 9, 'Привет бро!', 'привет бро, как ты? у меня все просто супер!', '0', NULL, '2014-11-06 15:45:53'),
(11, 1, 6, 'привет, бро', 'привет, бро! проверка кнопки отправки сообщения!', '0', NULL, '2014-11-07 18:42:41'),
(12, 41, 41, 'привет', 'привет!', '0', NULL, '2014-11-18 19:24:49');

-- --------------------------------------------------------

--
-- Структура таблицы `tbl_profiles`
--

CREATE TABLE IF NOT EXISTS `tbl_profiles` (
`user_id` int(11) NOT NULL,
  `lastname` varchar(50) NOT NULL DEFAULT '',
  `firstname` varchar(50) NOT NULL DEFAULT '',
  `avatar` varchar(255) NOT NULL,
  `date_birth` date NOT NULL DEFAULT '0000-00-00',
  `vk_id` varchar(255) NOT NULL DEFAULT '',
  `city` varchar(255) NOT NULL DEFAULT '',
  `country` varchar(255) NOT NULL DEFAULT '',
  `site` varchar(255) NOT NULL DEFAULT '',
  `twitter_id` varchar(255) NOT NULL DEFAULT '',
  `last_activity` int(10) NOT NULL DEFAULT '0'
) ENGINE=InnoDB  DEFAULT CHARSET=utf8 AUTO_INCREMENT=42 ;

--
-- Дамп данных таблицы `tbl_profiles`
--

INSERT INTO `tbl_profiles` (`user_id`, `lastname`, `firstname`, `avatar`, `date_birth`, `vk_id`, `city`, `country`, `site`, `twitter_id`, `last_activity`) VALUES
(1, 'Admin', 'Administrator', 'assets/3wHwuWCAzDSlSu0fu-sN/2014-11-03_115120.jpg', '1993-10-20', 'morgunov.sasha', '', '', '', '', 1416323022),
(2, 'Demo', 'Demo', 'assets/AJwEnMUNsv6_nbDOzxzf/2014-11-03_115137.jpg', '0000-00-00', '', '', '', '', '', 0),
(3, 'Моргунов', 'Александр', 'assets/CzJK1R8jlPQmqH4TwSfo/14548.png', '0000-00-00', '', '', '', '', '', 0),
(4, 'Моргунов', 'Александр', 'assets/KfRB9IT-TVGLWaLdmx6/2014-11-03_115152.jpg', '0000-00-00', '', '', '', '', '', 0),
(5, 'Моргунов', 'Александр', '', '0000-00-00', '', '', '', '', '', 0),
(6, 'suarezsuarez', 'suarezsuarez', '', '0000-00-00', '', '', '', '', '', 1415516920),
(7, 'Дешевцов', 'Алексей', '', '1993-02-16', 'voodoo', 'Новосибирск', 'Россия', 'updatesite.ru', 'updatesite_ru', 0),
(8, 'Чвырова', 'Юлия', 'assets/OBTIqvr8zINSmwCAf9EF/ava2.jpg', '1993-02-16', 'id8135936', 'Новосибирск', 'Россия', '', '', 1416332254),
(9, 'Gerrard', 'Stiven', 'assets/uvbus7njtCinQlwwpi7i/noavatar6.png', '1993-12-22', '', 'Liverpool', 'England', '', '', 0),
(38, 'Morgunov', 'Alexander', '', '1993-12-12', '', '', '', '', '', 1416305460),
(41, 'Иванов', 'Саша', 'assets/-BBCe313TSGwjNw3dMv/piq_148125_400x400.png', '0000-00-00', '', '', '', '', '', 1416335308);

-- --------------------------------------------------------

--
-- Структура таблицы `tbl_profiles_fields`
--

CREATE TABLE IF NOT EXISTS `tbl_profiles_fields` (
`id` int(10) NOT NULL,
  `varname` varchar(50) NOT NULL,
  `title` varchar(255) NOT NULL,
  `field_type` varchar(50) NOT NULL,
  `field_size` varchar(15) NOT NULL DEFAULT '0',
  `field_size_min` varchar(15) NOT NULL DEFAULT '0',
  `required` int(1) NOT NULL DEFAULT '0',
  `match` varchar(255) NOT NULL DEFAULT '',
  `range` varchar(255) NOT NULL DEFAULT '',
  `error_message` varchar(255) NOT NULL DEFAULT '',
  `other_validator` varchar(5000) NOT NULL DEFAULT '',
  `default` varchar(255) NOT NULL DEFAULT '',
  `widget` varchar(255) NOT NULL DEFAULT '',
  `widgetparams` varchar(5000) NOT NULL DEFAULT '',
  `position` int(3) NOT NULL DEFAULT '0',
  `visible` int(1) NOT NULL DEFAULT '0'
) ENGINE=InnoDB  DEFAULT CHARSET=utf8 AUTO_INCREMENT=14 ;

--
-- Дамп данных таблицы `tbl_profiles_fields`
--

INSERT INTO `tbl_profiles_fields` (`id`, `varname`, `title`, `field_type`, `field_size`, `field_size_min`, `required`, `match`, `range`, `error_message`, `other_validator`, `default`, `widget`, `widgetparams`, `position`, `visible`) VALUES
(1, 'lastname', 'Last Name', 'VARCHAR', '50', '3', 1, '', '', 'Incorrect Last Name (length between 3 and 50 characters).', '', '', '', '', 1, 3),
(2, 'firstname', 'First Name', 'VARCHAR', '50', '3', 1, '', '', 'Incorrect First Name (length between 3 and 50 characters).', '', '', '', '', 0, 3),
(3, 'avatar', 'Avatar', 'VARCHAR', '255', '0', 2, '', '', 'Выберите изображение в формате png, jpg, gif.', '{"file":{"allowEmpty":"true","maxFiles":"1","maxSize":"5242880","types":"jpg, gif, png","safe":"false"}}', '', 'UWfile', '{"path":"assets"}', 2, 3),
(4, 'date_birth', 'Date of Birthday', 'DATE', '0', '0', 0, '', '', 'Введите правильную дату рождения', '', '0000-00-00', '', '', 4, 3),
(5, 'vk_id', 'Vkontakte', 'VARCHAR', '255', '0', 2, '', '', '', '', '', '', '', 7, 2),
(6, 'city', 'City', 'VARCHAR', '255', '0', 2, '', '', '', '', '', '', '', 5, 3),
(7, 'country', 'Country', 'VARCHAR', '255', '0', 2, '', '', '', '', '', '', '', 6, 3),
(10, 'site', 'Site', 'VARCHAR', '255', '0', 2, '', '', '', '', '', '', '', 9, 3),
(11, 'twitter_id', 'Twitter', 'VARCHAR', '255', '0', 0, '', '', '', '', '', '', '', 8, 2),
(13, 'last_activity', 'Last Activity', 'INTEGER', '10', '0', 0, '', '', '', '', '0', '', '', 10, 0);

-- --------------------------------------------------------

--
-- Структура таблицы `tbl_soccer_coach`
--

CREATE TABLE IF NOT EXISTS `tbl_soccer_coach` (
`id` int(11) NOT NULL,
  `firstname` varchar(255) DEFAULT NULL,
  `lastname` varchar(255) DEFAULT NULL,
  `rusname` varchar(255) NOT NULL,
  `country_id` int(11) DEFAULT NULL,
  `photo_img` varchar(255) DEFAULT NULL,
  `birth_day` date DEFAULT NULL,
  `wiki` text
) ENGINE=MyISAM  DEFAULT CHARSET=utf8 AUTO_INCREMENT=21 ;

--
-- Дамп данных таблицы `tbl_soccer_coach`
--

INSERT INTO `tbl_soccer_coach` (`id`, `firstname`, `lastname`, `rusname`, `country_id`, `photo_img`, `birth_day`, `wiki`) VALUES
(1, 'José', 'Mourinho', 'Жозе Моуринью', 39, 'e18c4d.png', '1963-01-26', NULL),
(2, 'Harry', 'Redknapp', 'Гарри Реднапп', 1, '3bee08.png', '1947-03-02', NULL),
(3, 'Louis', 'van Gaal', 'Луи ван Гал', 29, '155bea.png', '1951-08-08', NULL),
(4, NULL, NULL, 'S. Dyche', NULL, 'e1126c.jpg', '0000-00-00', NULL),
(5, 'Nigel', 'Pearson', 'Найджел Пирсон', 1, '5613f4.png', '1963-08-21', NULL),
(6, NULL, NULL, 'N. Warnock', NULL, 'e2e8a9.jpg', '0000-00-00', NULL),
(7, 'Paul', 'Lambert', 'Пол Ламберт', 17, 'cabeb2.png', '1969-08-07', NULL),
(8, 'Steve', 'Bruce', 'Стив Брюс', 1, 'a51543.png', '1960-12-31', NULL),
(9, NULL, NULL, 'Густаво Пойет', NULL, '17c63c.jpg', '0000-00-00', NULL),
(10, 'Alan', 'Irvine', 'Алан Ирвин', 17, '1fcb55.png', '1958-07-12', NULL),
(11, 'Mauricio Roberto', 'Pochettino Trossero', 'Маурисио Почеттино', 23, 'cc5c00.png', '1972-03-02', NULL),
(12, 'Brendan', 'Rodgers', 'Брендан Роджерс', NULL, '370c26.png', '1973-01-26', NULL),
(13, 'Roberto', 'Martinez', 'Роберто Мартинес', 3, 'fc5966.png', '1973-07-13', NULL),
(14, 'Ronald', 'Koeman', 'R. Koeman', 29, 'e0dfd2.jpg', '1963-03-21', NULL),
(15, 'Manuel', 'Pellegrini', 'Мануэль Пеллегрини', 0, '62681e.png', '1953-09-16', NULL),
(16, 'Sam', 'Allardyce', 'Сэм Эллардайс', 1, '4e0ca9.png', '1954-10-19', NULL),
(17, 'Garry', 'Monk', 'Гарри Монк', 1, 'be0077.jpg', '1979-03-06', NULL),
(18, NULL, NULL, 'Арсен Венгер', 4, '781c58.png', '1949-10-22', NULL),
(19, 'Alan', 'Pardew', 'Алан Пардью', 1, 'cdb031.png', '1961-07-18', NULL),
(20, 'Mark', 'Hughes', 'Марк Хьюз', 2, '8273a9.png', '1963-11-01', NULL);

-- --------------------------------------------------------

--
-- Структура таблицы `tbl_soccer_coach_team`
--

CREATE TABLE IF NOT EXISTS `tbl_soccer_coach_team` (
`id` int(11) NOT NULL,
  `cid` int(11) NOT NULL,
  `tid` int(11) NOT NULL,
  `date_to` date NOT NULL
) ENGINE=MyISAM  DEFAULT CHARSET=utf8 AUTO_INCREMENT=21 ;

--
-- Дамп данных таблицы `tbl_soccer_coach_team`
--

INSERT INTO `tbl_soccer_coach_team` (`id`, `cid`, `tid`, `date_to`) VALUES
(1, 1, 1, '2014-11-11'),
(2, 2, 2, '2014-11-11'),
(3, 3, 3, '2014-11-13'),
(4, 4, 4, '2014-11-13'),
(5, 5, 5, '2014-11-13'),
(6, 6, 6, '2014-11-13'),
(7, 7, 7, '2014-11-13'),
(8, 8, 8, '2014-11-13'),
(9, 9, 9, '2014-11-13'),
(10, 10, 10, '2014-11-13'),
(11, 11, 11, '2014-11-13'),
(12, 12, 12, '2014-11-13'),
(13, 13, 13, '2014-11-13'),
(14, 14, 14, '2014-11-13'),
(15, 15, 15, '2014-11-13'),
(16, 16, 16, '2014-11-13'),
(17, 17, 17, '2014-11-13'),
(18, 18, 18, '2014-11-13'),
(19, 19, 19, '2014-11-13'),
(20, 20, 20, '2014-11-13');

-- --------------------------------------------------------

--
-- Структура таблицы `tbl_soccer_country`
--

CREATE TABLE IF NOT EXISTS `tbl_soccer_country` (
`id` int(11) NOT NULL,
  `name` varchar(255) NOT NULL,
  `image` varchar(255) NOT NULL
) ENGINE=MyISAM  DEFAULT CHARSET=utf8 AUTO_INCREMENT=52 ;

--
-- Дамп данных таблицы `tbl_soccer_country`
--

INSERT INTO `tbl_soccer_country` (`id`, `name`, `image`) VALUES
(1, 'Англия', 'England.png'),
(2, 'Уэльс', 'Wales.png'),
(3, 'Испания', 'Spain.png'),
(4, 'Франция', 'France.png'),
(5, 'Италия', 'Italy.png'),
(6, 'Германия', 'Germany.png'),
(7, 'Словакия', 'Slovakia.png'),
(8, 'Хорватия', 'Croatia.png'),
(9, 'Бельгия', 'Belgium.png'),
(10, 'Австралия', 'Australia.png'),
(11, 'Сербия', 'Serbia.png'),
(12, 'Бразилия', 'Brazil.png'),
(13, 'Кот-д`Ивуар', 'CotedIvoire.png'),
(15, 'Болгария', 'Bulgaria.png'),
(17, 'Шотландия', 'Scotland.png'),
(18, 'Ирландия', 'Ireland.png'),
(19, 'США', 'United States of America.png'),
(20, 'Украина', 'Ukraine.png'),
(21, 'Польша', 'Poland.png'),
(22, 'Швеция', 'Sweden.png'),
(23, 'Аргентина', 'Argentina.png'),
(24, 'Колумбия', 'Colombia.png'),
(25, 'Россия', 'Russian Federation.png'),
(26, 'Венгрия', 'Hungary.png'),
(27, 'Словакия', 'Slovakia.png'),
(28, 'Эквадор', 'Ecuador.png'),
(29, 'Голландия', 'Netherlands.png'),
(30, 'Швейцария', 'Switzerland.png'),
(31, 'Канада', 'Canada.png'),
(32, 'Алжир', 'Algeria.png'),
(33, 'Уругвай', 'Uruguay.png'),
(34, 'Армения', 'Armenia.png'),
(35, 'Белоруссия', 'Belarus.png'),
(36, 'Турция', 'Turkey.png'),
(37, 'Израиль', 'Israel.png'),
(38, 'Сенегал', 'Senegal.png'),
(39, 'Португалия', 'Portugal.png'),
(40, 'Того', 'Togo.png'),
(41, 'Новая Зеландия', 'New Zealand.png'),
(42, 'Финляндия', 'Finland.png'),
(43, 'Камерун', 'Cameroon.png'),
(44, 'Дания', 'Denmark.png'),
(45, 'Коста Рика', 'Costa Rica.png'),
(46, 'Северная Ирландия', 'Northern Ireland.png'),
(47, 'Румыния', 'Romania.png'),
(48, 'Бурунду', 'Burundi.png'),
(49, 'Бенин', 'Benin.png'),
(50, 'Греция', 'Greece.png'),
(51, 'Великобритания', 'United Kingdom(Great Britain).png');

-- --------------------------------------------------------

--
-- Структура таблицы `tbl_soccer_match`
--

CREATE TABLE IF NOT EXISTS `tbl_soccer_match` (
`id` int(11) NOT NULL,
  `date` datetime NOT NULL,
  `hometeam_id` int(11) NOT NULL,
  `awayteam_id` int(11) NOT NULL,
  `homegoals` int(11) NOT NULL,
  `awaygoals` int(11) NOT NULL,
  `competition_id` int(11) NOT NULL,
  `stadium_id` int(11) DEFAULT NULL,
  `f_api_id` int(11) DEFAULT NULL,
  `matchday` int(11) DEFAULT NULL,
  `text` varchar(255) DEFAULT NULL
) ENGINE=InnoDB  DEFAULT CHARSET=utf8 AUTO_INCREMENT=383 ;

--
-- Дамп данных таблицы `tbl_soccer_match`
--

INSERT INTO `tbl_soccer_match` (`id`, `date`, `hometeam_id`, `awayteam_id`, `homegoals`, `awaygoals`, `competition_id`, `stadium_id`, `f_api_id`, `matchday`, `text`) VALUES
(3, '2014-08-16 11:45:00', 3, 17, 1, 2, 1, 3, 1788007, 1, ''),
(4, '2014-08-16 14:00:00', 10, 9, 2, 2, 1, 10, -1, 1, ''),
(5, '2014-08-16 14:00:00', 2, 8, 0, 1, 1, 2, -1, 1, ''),
(6, '2014-08-16 14:00:00', 16, 11, 0, 1, 1, 16, -1, 1, ''),
(7, '2014-08-16 14:00:00', 20, 7, 0, 1, 1, 20, -1, 1, ''),
(8, '2014-08-16 14:00:00', 5, 13, 2, 2, 1, 5, -1, 1, ''),
(9, '2014-08-16 16:30:00', 18, 6, 2, 1, 1, 18, -1, 1, ''),
(10, '2014-08-17 12:30:00', 12, 14, 2, 1, 1, 12, -1, 1, ''),
(11, '2014-08-17 15:00:00', 19, 15, 0, 2, 1, 19, -1, 1, ''),
(12, '2014-08-18 19:00:00', 4, 1, 1, 3, 1, 4, -1, 1, ''),
(13, '2014-08-23 11:45:00', 7, 19, 0, 0, 1, 7, -1, 2, ''),
(14, '2014-08-23 14:00:00', 17, 4, 1, 0, 1, 17, -1, 2, ''),
(15, '2014-08-23 14:00:00', 14, 10, 0, 0, 1, 14, -1, 2, ''),
(16, '2014-08-23 14:00:00', 1, 5, 2, 0, 1, 1, -1, 2, ''),
(17, '2014-08-23 14:00:00', 6, 16, 1, 3, 1, 6, -1, 2, ''),
(18, '2014-08-23 16:30:00', 13, 18, 2, 2, 1, 13, -1, 2, ''),
(19, '2014-08-24 12:30:00', 11, 2, 4, 0, 1, 11, -1, 2, ''),
(20, '2014-08-24 12:30:00', 8, 20, 1, 1, 1, 8, -1, 2, ''),
(21, '2014-08-24 15:00:00', 9, 3, 1, 1, 1, 9, -1, 2, ''),
(22, '2014-08-25 19:00:00', 15, 12, 3, 1, 1, 15, -1, 2, ''),
(23, '2014-08-30 11:45:00', 4, 3, 0, 0, 1, 4, -1, 3, ''),
(24, '2014-08-30 14:00:00', 17, 10, 3, 0, 1, 17, -1, 3, ''),
(25, '2014-08-30 14:00:00', 16, 14, 1, 3, 1, 16, -1, 3, ''),
(26, '2014-08-30 14:00:00', 2, 9, 1, 0, 1, 2, -1, 3, ''),
(27, '2014-08-30 14:00:00', 15, 20, 0, 1, 1, 15, -1, 3, ''),
(28, '2014-08-30 14:00:00', 19, 6, 3, 3, 1, 19, -1, 3, ''),
(29, '2014-08-30 16:30:00', 13, 1, 3, 6, 1, 13, -1, 3, ''),
(30, '2014-08-31 12:30:00', 11, 12, 0, 3, 1, 11, -1, 3, ''),
(31, '2014-08-31 12:30:00', 7, 8, 2, 1, 1, 7, -1, 3, ''),
(32, '2014-08-31 15:00:00', 5, 18, 1, 1, 1, 5, -1, 3, ''),
(33, '2014-09-13 11:45:00', 18, 15, 2, 2, 1, 18, -1, 4, ''),
(34, '2014-09-13 14:00:00', 20, 5, 0, 1, 1, 20, -1, 4, ''),
(35, '2014-09-13 14:00:00', 10, 13, 0, 2, 1, 10, -1, 4, ''),
(36, '2014-09-13 14:00:00', 6, 4, 0, 0, 1, 6, -1, 4, ''),
(37, '2014-09-13 14:00:00', 14, 19, 4, 0, 1, 14, -1, 4, ''),
(38, '2014-09-13 14:00:00', 9, 11, 2, 2, 1, 9, -1, 4, ''),
(39, '2014-09-13 14:00:00', 1, 17, 4, 2, 1, 1, -1, 4, ''),
(40, '2014-09-13 16:30:00', 12, 7, 0, 1, 1, 12, -1, 4, ''),
(41, '2014-09-14 15:00:00', 3, 2, 4, 0, 1, 3, -1, 4, ''),
(42, '2014-09-15 19:00:00', 8, 16, 2, 2, 1, 8, -1, 4, ''),
(43, '2014-09-20 11:45:00', 2, 20, 2, 2, 1, 2, -1, 5, ''),
(44, '2014-09-20 14:00:00', 17, 14, 0, 1, 1, 17, -1, 5, ''),
(45, '2014-09-20 14:00:00', 19, 8, 2, 2, 1, 19, -1, 5, ''),
(46, '2014-09-20 14:00:00', 7, 18, 0, 3, 1, 7, -1, 5, ''),
(47, '2014-09-20 14:00:00', 4, 9, 0, 0, 1, 4, -1, 5, ''),
(48, '2014-09-20 16:30:00', 16, 12, 3, 1, 1, 16, -1, 5, ''),
(49, '2014-09-21 12:30:00', 5, 3, 5, 3, 1, 5, -1, 5, ''),
(50, '2014-09-21 12:30:00', 11, 10, 0, 1, 1, 11, -1, 5, ''),
(51, '2014-09-21 15:00:00', 15, 1, 1, 1, 1, 15, -1, 5, ''),
(52, '2014-09-21 15:00:00', 13, 6, 2, 3, 1, 13, -1, 5, ''),
(53, '2014-09-27 11:45:00', 12, 13, 1, 1, 1, 12, -1, 6, ''),
(54, '2014-09-27 14:00:00', 3, 16, 2, 1, 1, 3, -1, 6, ''),
(55, '2014-09-27 14:00:00', 9, 17, 0, 0, 1, 9, -1, 6, ''),
(56, '2014-09-27 14:00:00', 14, 2, 2, 1, 1, 14, -1, 6, ''),
(57, '2014-09-27 14:00:00', 6, 5, 2, 0, 1, 6, -1, 6, ''),
(58, '2014-09-27 14:00:00', 8, 15, 2, 4, 1, 8, -1, 6, ''),
(59, '2014-09-27 14:00:00', 1, 7, 3, 0, 1, 1, -1, 6, ''),
(60, '2014-09-27 16:30:00', 18, 11, 1, 1, 1, 18, -1, 6, ''),
(61, '2014-09-28 15:00:00', 10, 4, 4, 0, 1, 10, -1, 6, ''),
(62, '2014-09-29 19:00:00', 20, 19, 1, 0, 1, 20, -1, 6, ''),
(63, '2014-10-04 14:00:00', 12, 10, 2, 1, 1, 12, -1, 7, ''),
(64, '2014-10-04 14:00:00', 17, 19, 2, 2, 1, 17, -1, 7, ''),
(65, '2014-10-04 14:00:00', 8, 6, 2, 0, 1, 8, -1, 7, ''),
(66, '2014-10-04 14:00:00', 9, 20, 3, 1, 1, 9, -1, 7, ''),
(67, '2014-10-04 14:00:00', 5, 4, 2, 2, 1, 5, -1, 7, ''),
(68, '2014-10-04 16:30:00', 7, 15, 0, 2, 1, 7, -1, 7, ''),
(69, '2014-10-05 11:00:00', 3, 13, 2, 1, 1, 3, -1, 7, ''),
(70, '2014-10-05 13:05:00', 1, 18, 2, 0, 1, 1, -1, 7, ''),
(71, '2014-10-05 13:05:00', 11, 14, 1, 0, 1, 11, -1, 7, ''),
(72, '2014-10-05 15:15:00', 16, 2, 2, 0, 1, 16, -1, 7, ''),
(73, '2014-10-18 11:45:00', 15, 11, 4, 1, 1, 15, -1, 8, ''),
(74, '2014-10-18 14:00:00', 14, 9, 8, 0, 1, 14, -1, 8, ''),
(75, '2014-10-18 14:00:00', 18, 8, 2, 2, 1, 18, -1, 8, ''),
(76, '2014-10-18 14:00:00', 6, 1, 1, 2, 1, 6, -1, 8, ''),
(77, '2014-10-18 14:00:00', 4, 16, 1, 3, 1, 4, -1, 8, ''),
(78, '2014-10-18 14:00:00', 13, 7, 3, 0, 1, 13, -1, 8, ''),
(79, '2014-10-18 14:00:00', 19, 5, 1, 0, 1, 19, -1, 8, ''),
(80, '2014-10-19 12:30:00', 2, 12, 2, 3, 1, 2, -1, 8, ''),
(81, '2014-10-19 15:00:00', 20, 17, 2, 1, 1, 20, -1, 8, ''),
(82, '2014-10-20 19:00:00', 10, 3, 2, 2, 1, 10, -1, 8, ''),
(83, '2014-10-25 11:45:00', 16, 15, 2, 1, 1, 16, -1, 9, ''),
(84, '2014-10-25 14:00:00', 12, 8, 0, 0, 1, 12, -1, 9, ''),
(85, '2014-10-25 14:00:00', 14, 20, 1, 0, 1, 14, -1, 9, ''),
(86, '2014-10-25 14:00:00', 10, 6, 2, 2, 1, 10, -1, 9, ''),
(87, '2014-10-25 14:00:00', 9, 18, 0, 2, 1, 9, -1, 9, ''),
(88, '2014-10-25 16:30:00', 17, 5, 2, 0, 1, 17, -1, 9, ''),
(89, '2014-10-26 13:30:00', 4, 13, 1, 3, 1, 4, -1, 9, ''),
(90, '2014-10-26 13:30:00', 11, 19, 1, 2, 1, 11, -1, 9, ''),
(91, '2014-10-26 16:00:00', 3, 1, 1, 1, 1, 3, -1, 9, ''),
(92, '2014-10-27 20:00:00', 2, 7, 2, 0, 1, 2, -1, 9, ''),
(93, '2014-11-01 12:45:00', 19, 12, 1, 0, 1, 19, -1, 10, ''),
(94, '2014-11-01 15:00:00', 5, 10, 0, 1, 1, 5, -1, 10, ''),
(95, '2014-11-01 15:00:00', 18, 4, 3, 0, 1, 18, -1, 10, ''),
(96, '2014-11-01 15:00:00', 1, 2, 2, 1, 1, 1, -1, 10, ''),
(97, '2014-11-01 15:00:00', 13, 17, 0, 0, 1, 13, -1, 10, ''),
(98, '2014-11-01 15:00:00', 8, 14, 0, 1, 1, 8, -1, 10, ''),
(99, '2014-11-01 15:00:00', 20, 16, 2, 2, 1, 20, -1, 10, ''),
(100, '2014-11-02 13:30:00', 15, 3, 1, 0, 1, 15, -1, 10, ''),
(101, '2014-11-02 16:00:00', 7, 11, 1, 2, 1, 7, -1, 10, ''),
(102, '2014-11-03 20:00:00', 6, 9, 1, 3, 1, 6, -1, 10, ''),
(103, '2014-11-08 12:45:00', 12, 1, 1, 2, 1, 12, -1, 11, ''),
(104, '2014-11-08 15:00:00', 16, 7, 0, 0, 1, 16, -1, 11, ''),
(105, '2014-11-08 15:00:00', 4, 8, 1, 0, 1, 4, -1, 11, ''),
(106, '2014-11-08 15:00:00', 3, 6, 1, 0, 1, 3, -1, 11, ''),
(107, '2014-11-08 15:00:00', 14, 5, 2, 0, 1, 14, -1, 11, ''),
(108, '2014-11-08 17:30:00', 2, 15, 2, 2, 1, 2, -1, 11, ''),
(109, '2014-11-09 13:30:00', 10, 19, 0, 2, 1, 10, -1, 11, ''),
(110, '2014-11-09 13:30:00', 9, 13, 1, 1, 1, 9, -1, 11, ''),
(111, '2014-11-09 13:30:00', 11, 20, 1, 2, 1, 11, -1, 11, ''),
(112, '2014-11-09 16:00:00', 17, 18, 2, 1, 1, 17, -1, 11, ''),
(113, '2014-11-22 15:00:00', 20, 4, -1, -1, 1, 20, -1, 12, ''),
(114, '2014-11-22 15:00:00', 15, 17, -1, -1, 1, 15, -1, 12, ''),
(115, '2014-11-22 15:00:00', 5, 9, -1, -1, 1, 5, -1, 12, ''),
(116, '2014-11-22 15:00:00', 13, 16, -1, -1, 1, 13, -1, 12, ''),
(117, '2014-11-22 15:00:00', 1, 10, -1, -1, 1, 1, -1, 12, ''),
(118, '2014-11-22 15:00:00', 19, 2, -1, -1, 1, 19, -1, 12, ''),
(119, '2014-11-22 17:30:00', 18, 3, -1, -1, 1, 18, -1, 12, ''),
(120, '2014-11-23 13:30:00', 6, 12, -1, -1, 1, 6, -1, 12, ''),
(121, '2014-11-23 16:00:00', 8, 11, -1, -1, 1, 8, -1, 12, ''),
(122, '2014-11-24 20:00:00', 7, 14, -1, -1, 1, 7, -1, 12, ''),
(123, '2014-11-29 12:45:00', 10, 18, -1, -1, 1, 10, -1, 13, ''),
(124, '2014-11-29 15:00:00', 4, 7, -1, -1, 1, 4, -1, 13, ''),
(125, '2014-11-29 15:00:00', 12, 20, -1, -1, 1, 12, -1, 13, ''),
(126, '2014-11-29 15:00:00', 3, 8, -1, -1, 1, 3, -1, 13, ''),
(127, '2014-11-29 15:00:00', 17, 6, -1, -1, 1, 17, -1, 13, ''),
(128, '2014-11-29 15:00:00', 16, 19, -1, -1, 1, 16, -1, 13, ''),
(129, '2014-11-29 15:00:00', 2, 5, -1, -1, 1, 2, -1, 13, ''),
(130, '2014-11-29 17:30:00', 9, 1, -1, -1, 1, 9, -1, 13, ''),
(131, '2014-11-30 13:30:00', 14, 15, -1, -1, 1, 14, -1, 13, ''),
(132, '2014-11-30 16:00:00', 11, 13, -1, -1, 1, 11, -1, 13, ''),
(133, '2014-12-02 19:45:00', 4, 19, -1, -1, 1, 4, -1, 14, ''),
(134, '2014-12-02 19:45:00', 3, 20, -1, -1, 1, 3, -1, 14, ''),
(135, '2014-12-02 19:45:00', 17, 2, -1, -1, 1, 17, -1, 14, ''),
(136, '2014-12-02 19:45:00', 5, 12, -1, -1, 1, 5, -1, 14, ''),
(137, '2014-12-02 20:00:00', 10, 16, -1, -1, 1, 10, -1, 14, ''),
(138, '2014-12-02 20:00:00', 6, 7, -1, -1, 1, 6, -1, 14, ''),
(139, '2014-12-03 19:45:00', 18, 14, -1, -1, 1, 18, -1, 14, ''),
(140, '2014-12-03 19:45:00', 9, 15, -1, -1, 1, 9, -1, 14, ''),
(141, '2014-12-03 19:45:00', 13, 8, -1, -1, 1, 13, -1, 14, ''),
(142, '2014-12-03 19:45:00', 1, 11, -1, -1, 1, 1, -1, 14, ''),
(143, '2014-12-06 12:45:00', 19, 1, -1, -1, 1, 19, -1, 15, ''),
(144, '2014-12-06 15:00:00', 2, 4, -1, -1, 1, 2, -1, 15, ''),
(145, '2014-12-06 15:00:00', 8, 10, -1, -1, 1, 8, -1, 15, ''),
(146, '2014-12-06 15:00:00', 12, 9, -1, -1, 1, 12, -1, 15, ''),
(147, '2014-12-06 15:00:00', 20, 18, -1, -1, 1, 20, -1, 15, ''),
(148, '2014-12-06 15:00:00', 11, 6, -1, -1, 1, 11, -1, 15, ''),
(149, '2014-12-06 17:30:00', 15, 13, -1, -1, 1, 15, -1, 15, ''),
(150, '2014-12-07 13:30:00', 16, 17, -1, -1, 1, 16, -1, 15, ''),
(151, '2014-12-07 16:00:00', 7, 5, -1, -1, 1, 7, -1, 15, ''),
(152, '2014-12-08 20:00:00', 14, 3, -1, -1, 1, 14, -1, 15, ''),
(153, '2014-12-13 15:00:00', 1, 8, -1, -1, 1, 1, -1, 16, ''),
(154, '2014-12-13 15:00:00', 9, 16, -1, -1, 1, 9, -1, 16, ''),
(155, '2014-12-13 15:00:00', 4, 14, -1, -1, 1, 4, -1, 16, ''),
(156, '2014-12-13 15:00:00', 6, 20, -1, -1, 1, 6, -1, 16, ''),
(157, '2014-12-13 15:00:00', 10, 7, -1, -1, 1, 10, -1, 16, ''),
(158, '2014-12-13 15:00:00', 5, 15, -1, -1, 1, 5, -1, 16, ''),
(159, '2014-12-13 17:30:00', 18, 19, -1, -1, 1, 18, -1, 16, ''),
(160, '2014-12-14 13:30:00', 3, 12, -1, -1, 1, 3, -1, 16, ''),
(161, '2014-12-14 16:00:00', 17, 11, -1, -1, 1, 17, -1, 16, ''),
(162, '2014-12-15 20:00:00', 13, 2, -1, -1, 1, 13, -1, 16, ''),
(163, '2014-12-20 12:45:00', 15, 6, -1, -1, 1, 15, -1, 17, ''),
(164, '2014-12-20 15:00:00', 8, 17, -1, -1, 1, 8, -1, 17, ''),
(165, '2014-12-20 15:00:00', 2, 10, -1, -1, 1, 2, -1, 17, ''),
(166, '2014-12-20 15:00:00', 14, 13, -1, -1, 1, 14, -1, 17, ''),
(167, '2014-12-20 15:00:00', 11, 4, -1, -1, 1, 11, -1, 17, ''),
(168, '2014-12-20 15:00:00', 16, 5, -1, -1, 1, 16, -1, 17, ''),
(169, '2014-12-20 15:00:00', 7, 3, -1, -1, 1, 7, -1, 17, ''),
(170, '2014-12-21 13:30:00', 19, 9, -1, -1, 1, 19, -1, 17, ''),
(171, '2014-12-21 16:00:00', 12, 18, -1, -1, 1, 12, -1, 17, ''),
(172, '2014-12-22 20:00:00', 20, 1, -1, -1, 1, 20, -1, 17, ''),
(173, '2014-12-26 12:45:00', 1, 16, -1, -1, 1, 1, -1, 18, ''),
(174, '2014-12-26 15:00:00', 4, 12, -1, -1, 1, 4, -1, 18, ''),
(175, '2014-12-26 15:00:00', 6, 14, -1, -1, 1, 6, -1, 18, ''),
(176, '2014-12-26 15:00:00', 13, 20, -1, -1, 1, 13, -1, 18, ''),
(177, '2014-12-26 15:00:00', 3, 19, -1, -1, 1, 3, -1, 18, ''),
(178, '2014-12-26 15:00:00', 9, 8, -1, -1, 1, 9, -1, 18, ''),
(179, '2014-12-26 15:00:00', 17, 7, -1, -1, 1, 17, -1, 18, ''),
(180, '2014-12-26 15:00:00', 10, 15, -1, -1, 1, 10, -1, 18, ''),
(181, '2014-12-26 15:00:00', 5, 11, -1, -1, 1, 5, -1, 18, ''),
(182, '2014-12-26 17:30:00', 18, 2, -1, -1, 1, 18, -1, 18, ''),
(183, '2014-12-28 12:00:00', 11, 3, -1, -1, 1, 11, -1, 19, ''),
(184, '2014-12-28 14:05:00', 14, 1, -1, -1, 1, 14, -1, 19, ''),
(185, '2014-12-28 15:00:00', 16, 18, -1, -1, 1, 16, -1, 19, ''),
(186, '2014-12-28 15:00:00', 20, 10, -1, -1, 1, 20, -1, 19, ''),
(187, '2014-12-28 15:00:00', 2, 6, -1, -1, 1, 2, -1, 19, ''),
(188, '2014-12-28 15:00:00', 15, 4, -1, -1, 1, 15, -1, 19, ''),
(189, '2014-12-28 15:00:00', 8, 5, -1, -1, 1, 8, -1, 19, ''),
(190, '2014-12-28 15:00:00', 7, 9, -1, -1, 1, 7, -1, 19, ''),
(191, '2014-12-28 16:15:00', 19, 13, -1, -1, 1, 19, -1, 19, ''),
(192, '2014-12-29 20:00:00', 12, 17, -1, -1, 1, 12, -1, 19, ''),
(193, '2015-01-01 12:45:00', 20, 3, -1, -1, 1, 20, -1, 20, ''),
(194, '2015-01-01 15:00:00', 12, 5, -1, -1, 1, 12, -1, 20, ''),
(195, '2015-01-01 15:00:00', 7, 6, -1, -1, 1, 7, -1, 20, ''),
(196, '2015-01-01 15:00:00', 8, 13, -1, -1, 1, 8, -1, 20, ''),
(197, '2015-01-01 15:00:00', 14, 18, -1, -1, 1, 14, -1, 20, ''),
(198, '2015-01-01 15:00:00', 16, 10, -1, -1, 1, 16, -1, 20, ''),
(199, '2015-01-01 15:00:00', 2, 17, -1, -1, 1, 2, -1, 20, ''),
(200, '2015-01-01 15:00:00', 19, 4, -1, -1, 1, 19, -1, 20, ''),
(201, '2015-01-01 15:00:00', 15, 9, -1, -1, 1, 15, -1, 20, ''),
(202, '2015-01-01 17:30:00', 11, 1, -1, -1, 1, 11, -1, 20, ''),
(203, '2015-01-10 15:00:00', 4, 2, -1, -1, 1, 4, -1, 21, ''),
(204, '2015-01-10 15:00:00', 1, 19, -1, -1, 1, 1, -1, 21, ''),
(205, '2015-01-10 15:00:00', 6, 11, -1, -1, 1, 6, -1, 21, ''),
(206, '2015-01-10 15:00:00', 13, 15, -1, -1, 1, 13, -1, 21, ''),
(207, '2015-01-10 15:00:00', 5, 7, -1, -1, 1, 5, -1, 21, ''),
(208, '2015-01-10 15:00:00', 9, 12, -1, -1, 1, 9, -1, 21, ''),
(209, '2015-01-10 15:00:00', 17, 16, -1, -1, 1, 17, -1, 21, ''),
(210, '2015-01-10 15:00:00', 10, 8, -1, -1, 1, 10, -1, 21, ''),
(211, '2015-01-11 13:30:00', 18, 20, -1, -1, 1, 18, -1, 21, ''),
(212, '2015-01-11 16:00:00', 3, 14, -1, -1, 1, 3, -1, 21, ''),
(213, '2015-01-17 15:00:00', 5, 20, -1, -1, 1, 5, -1, 22, ''),
(214, '2015-01-17 15:00:00', 7, 12, -1, -1, 1, 7, -1, 22, ''),
(215, '2015-01-17 15:00:00', 4, 6, -1, -1, 1, 4, -1, 22, ''),
(216, '2015-01-17 15:00:00', 19, 14, -1, -1, 1, 19, -1, 22, ''),
(217, '2015-01-17 15:00:00', 2, 3, -1, -1, 1, 2, -1, 22, ''),
(218, '2015-01-17 15:00:00', 17, 1, -1, -1, 1, 17, -1, 22, ''),
(219, '2015-01-17 15:00:00', 11, 9, -1, -1, 1, 11, -1, 22, ''),
(220, '2015-01-18 13:30:00', 16, 8, -1, -1, 1, 16, -1, 22, ''),
(221, '2015-01-18 16:00:00', 15, 18, -1, -1, 1, 15, -1, 22, ''),
(222, '2015-01-19 20:00:00', 13, 10, -1, -1, 1, 13, -1, 22, ''),
(223, '2015-01-31 12:45:00', 8, 19, -1, -1, 1, 8, -1, 23, ''),
(224, '2015-01-31 15:00:00', 6, 13, -1, -1, 1, 6, -1, 23, ''),
(225, '2015-01-31 15:00:00', 12, 16, -1, -1, 1, 12, -1, 23, ''),
(226, '2015-01-31 15:00:00', 20, 2, -1, -1, 1, 20, -1, 23, ''),
(227, '2015-01-31 15:00:00', 3, 5, -1, -1, 1, 3, -1, 23, ''),
(228, '2015-01-31 15:00:00', 10, 11, -1, -1, 1, 10, -1, 23, ''),
(229, '2015-01-31 15:00:00', 9, 4, -1, -1, 1, 9, -1, 23, ''),
(230, '2015-01-31 17:30:00', 1, 15, -1, -1, 1, 1, -1, 23, ''),
(231, '2015-02-01 13:30:00', 18, 7, -1, -1, 1, 18, -1, 23, ''),
(232, '2015-02-01 16:00:00', 14, 17, -1, -1, 1, 14, -1, 23, ''),
(233, '2015-02-07 15:00:00', 5, 6, -1, -1, 1, 5, -1, 24, ''),
(234, '2015-02-07 15:00:00', 11, 18, -1, -1, 1, 11, -1, 24, ''),
(235, '2015-02-07 15:00:00', 17, 9, -1, -1, 1, 17, -1, 24, ''),
(236, '2015-02-07 15:00:00', 16, 3, -1, -1, 1, 16, -1, 24, ''),
(237, '2015-02-07 15:00:00', 2, 14, -1, -1, 1, 2, -1, 24, ''),
(238, '2015-02-07 15:00:00', 19, 20, -1, -1, 1, 19, -1, 24, ''),
(239, '2015-02-07 15:00:00', 7, 1, -1, -1, 1, 7, -1, 24, ''),
(240, '2015-02-07 15:00:00', 4, 10, -1, -1, 1, 4, -1, 24, ''),
(241, '2015-02-07 15:00:00', 13, 12, -1, -1, 1, 13, -1, 24, ''),
(242, '2015-02-07 15:00:00', 15, 8, -1, -1, 1, 15, -1, 24, ''),
(243, '2015-02-10 19:45:00', 18, 5, -1, -1, 1, 18, -1, 25, ''),
(244, '2015-02-10 19:45:00', 14, 16, -1, -1, 1, 14, -1, 25, ''),
(245, '2015-02-10 19:45:00', 3, 4, -1, -1, 1, 3, -1, 25, ''),
(246, '2015-02-10 19:45:00', 9, 2, -1, -1, 1, 9, -1, 25, ''),
(247, '2015-02-10 19:45:00', 8, 7, -1, -1, 1, 8, -1, 25, ''),
(248, '2015-02-10 20:00:00', 10, 17, -1, -1, 1, 10, -1, 25, ''),
(249, '2015-02-10 20:00:00', 12, 11, -1, -1, 1, 12, -1, 25, ''),
(250, '2015-02-10 20:00:00', 6, 19, -1, -1, 1, 6, -1, 25, ''),
(251, '2015-02-11 19:45:00', 20, 15, -1, -1, 1, 20, -1, 25, ''),
(252, '2015-02-11 19:45:00', 1, 13, -1, -1, 1, 1, -1, 25, ''),
(253, '2015-02-21 15:00:00', 13, 5, -1, -1, 1, 13, -1, 26, ''),
(254, '2015-02-21 15:00:00', 6, 18, -1, -1, 1, 6, -1, 26, ''),
(255, '2015-02-21 15:00:00', 1, 4, -1, -1, 1, 1, -1, 26, ''),
(256, '2015-02-21 15:00:00', 15, 19, -1, -1, 1, 15, -1, 26, ''),
(257, '2015-02-21 15:00:00', 7, 20, -1, -1, 1, 7, -1, 26, ''),
(258, '2015-02-21 15:00:00', 14, 12, -1, -1, 1, 14, -1, 26, ''),
(259, '2015-02-21 15:00:00', 9, 10, -1, -1, 1, 9, -1, 26, ''),
(260, '2015-02-21 15:00:00', 17, 3, -1, -1, 1, 17, -1, 26, ''),
(261, '2015-02-21 15:00:00', 11, 16, -1, -1, 1, 11, -1, 26, ''),
(262, '2015-02-21 15:00:00', 8, 2, -1, -1, 1, 8, -1, 26, ''),
(263, '2015-02-28 15:00:00', 4, 17, -1, -1, 1, 4, -1, 27, ''),
(264, '2015-02-28 15:00:00', 5, 1, -1, -1, 1, 5, -1, 27, ''),
(265, '2015-02-28 15:00:00', 16, 6, -1, -1, 1, 16, -1, 27, ''),
(266, '2015-02-28 15:00:00', 18, 13, -1, -1, 1, 18, -1, 27, ''),
(267, '2015-02-28 15:00:00', 12, 15, -1, -1, 1, 12, -1, 27, ''),
(268, '2015-02-28 15:00:00', 3, 9, -1, -1, 1, 3, -1, 27, ''),
(269, '2015-02-28 15:00:00', 19, 7, -1, -1, 1, 19, -1, 27, ''),
(270, '2015-02-28 15:00:00', 2, 11, -1, -1, 1, 2, -1, 27, ''),
(271, '2015-02-28 15:00:00', 20, 8, -1, -1, 1, 20, -1, 27, ''),
(272, '2015-02-28 15:00:00', 10, 14, -1, -1, 1, 10, -1, 27, ''),
(273, '2015-03-03 19:45:00', 7, 10, -1, -1, 1, 7, -1, 28, ''),
(274, '2015-03-03 19:45:00', 16, 1, -1, -1, 1, 16, -1, 28, ''),
(275, '2015-03-03 19:45:00', 14, 6, -1, -1, 1, 14, -1, 28, ''),
(276, '2015-03-03 19:45:00', 2, 18, -1, -1, 1, 2, -1, 28, ''),
(277, '2015-03-03 19:45:00', 8, 9, -1, -1, 1, 8, -1, 28, ''),
(278, '2015-03-03 20:00:00', 12, 4, -1, -1, 1, 12, -1, 28, ''),
(279, '2015-03-04 19:45:00', 15, 5, -1, -1, 1, 15, -1, 28, ''),
(280, '2015-03-04 19:45:00', 20, 13, -1, -1, 1, 20, -1, 28, ''),
(281, '2015-03-04 19:45:00', 11, 17, -1, -1, 1, 11, -1, 28, ''),
(282, '2015-03-04 19:45:00', 19, 3, -1, -1, 1, 19, -1, 28, ''),
(283, '2015-03-14 15:00:00', 10, 20, -1, -1, 1, 10, -1, 29, ''),
(284, '2015-03-14 15:00:00', 9, 7, -1, -1, 1, 9, -1, 29, ''),
(285, '2015-03-14 15:00:00', 5, 8, -1, -1, 1, 5, -1, 29, ''),
(286, '2015-03-14 15:00:00', 3, 11, -1, -1, 1, 3, -1, 29, ''),
(287, '2015-03-14 15:00:00', 17, 12, -1, -1, 1, 17, -1, 29, ''),
(288, '2015-03-14 15:00:00', 6, 2, -1, -1, 1, 6, -1, 29, ''),
(289, '2015-03-14 15:00:00', 1, 14, -1, -1, 1, 1, -1, 29, ''),
(290, '2015-03-14 15:00:00', 4, 15, -1, -1, 1, 4, -1, 29, ''),
(291, '2015-03-14 15:00:00', 18, 16, -1, -1, 1, 18, -1, 29, ''),
(292, '2015-03-14 15:00:00', 13, 19, -1, -1, 1, 13, -1, 29, ''),
(293, '2015-03-21 15:00:00', 11, 5, -1, -1, 1, 11, -1, 30, ''),
(294, '2015-03-21 15:00:00', 20, 6, -1, -1, 1, 20, -1, 30, ''),
(295, '2015-03-21 15:00:00', 15, 10, -1, -1, 1, 15, -1, 30, ''),
(296, '2015-03-21 15:00:00', 8, 1, -1, -1, 1, 8, -1, 30, ''),
(297, '2015-03-21 15:00:00', 19, 18, -1, -1, 1, 19, -1, 30, ''),
(298, '2015-03-21 15:00:00', 2, 13, -1, -1, 1, 2, -1, 30, ''),
(299, '2015-03-21 15:00:00', 16, 9, -1, -1, 1, 16, -1, 30, ''),
(300, '2015-03-21 15:00:00', 14, 4, -1, -1, 1, 14, -1, 30, ''),
(301, '2015-03-21 15:00:00', 7, 17, -1, -1, 1, 7, -1, 30, ''),
(302, '2015-03-21 15:00:00', 12, 3, -1, -1, 1, 12, -1, 30, ''),
(303, '2015-04-04 14:00:00', 13, 14, -1, -1, 1, 13, -1, 31, ''),
(304, '2015-04-04 14:00:00', 10, 2, -1, -1, 1, 10, -1, 31, ''),
(305, '2015-04-04 14:00:00', 17, 8, -1, -1, 1, 17, -1, 31, ''),
(306, '2015-04-04 14:00:00', 9, 19, -1, -1, 1, 9, -1, 31, ''),
(307, '2015-04-04 14:00:00', 6, 15, -1, -1, 1, 6, -1, 31, ''),
(308, '2015-04-04 14:00:00', 5, 16, -1, -1, 1, 5, -1, 31, ''),
(309, '2015-04-04 14:00:00', 18, 12, -1, -1, 1, 18, -1, 31, ''),
(310, '2015-04-04 14:00:00', 4, 11, -1, -1, 1, 4, -1, 31, ''),
(311, '2015-04-04 14:00:00', 1, 20, -1, -1, 1, 1, -1, 31, ''),
(312, '2015-04-04 14:00:00', 3, 7, -1, -1, 1, 3, -1, 31, ''),
(313, '2015-04-11 14:00:00', 10, 5, -1, -1, 1, 10, -1, 32, ''),
(314, '2015-04-11 14:00:00', 17, 13, -1, -1, 1, 17, -1, 32, ''),
(315, '2015-04-11 14:00:00', 4, 18, -1, -1, 1, 4, -1, 32, ''),
(316, '2015-04-11 14:00:00', 16, 20, -1, -1, 1, 16, -1, 32, ''),
(317, '2015-04-11 14:00:00', 11, 7, -1, -1, 1, 11, -1, 32, ''),
(318, '2015-04-11 14:00:00', 9, 6, -1, -1, 1, 9, -1, 32, ''),
(319, '2015-04-11 14:00:00', 12, 19, -1, -1, 1, 12, -1, 32, ''),
(320, '2015-04-11 14:00:00', 14, 8, -1, -1, 1, 14, -1, 32, ''),
(321, '2015-04-11 14:00:00', 3, 15, -1, -1, 1, 3, -1, 32, ''),
(322, '2015-04-11 14:00:00', 2, 1, -1, -1, 1, 2, -1, 32, ''),
(323, '2015-04-18 14:00:00', 18, 9, -1, -1, 1, 18, -1, 33, ''),
(324, '2015-04-18 14:00:00', 1, 3, -1, -1, 1, 1, -1, 33, ''),
(325, '2015-04-18 14:00:00', 19, 11, -1, -1, 1, 19, -1, 33, ''),
(326, '2015-04-18 14:00:00', 7, 2, -1, -1, 1, 7, -1, 33, ''),
(327, '2015-04-18 14:00:00', 5, 17, -1, -1, 1, 5, -1, 33, ''),
(328, '2015-04-18 14:00:00', 20, 14, -1, -1, 1, 20, -1, 33, ''),
(329, '2015-04-18 14:00:00', 15, 16, -1, -1, 1, 15, -1, 33, ''),
(330, '2015-04-18 14:00:00', 8, 12, -1, -1, 1, 8, -1, 33, ''),
(331, '2015-04-18 14:00:00', 13, 4, -1, -1, 1, 13, -1, 33, ''),
(332, '2015-04-18 14:00:00', 6, 10, -1, -1, 1, 6, -1, 33, ''),
(333, '2015-04-25 14:00:00', 4, 5, -1, -1, 1, 4, -1, 34, ''),
(334, '2015-04-25 14:00:00', 10, 12, -1, -1, 1, 10, -1, 34, ''),
(335, '2015-04-25 14:00:00', 20, 9, -1, -1, 1, 20, -1, 34, ''),
(336, '2015-04-25 14:00:00', 14, 11, -1, -1, 1, 14, -1, 34, ''),
(337, '2015-04-25 14:00:00', 2, 16, -1, -1, 1, 2, -1, 34, ''),
(338, '2015-04-25 14:00:00', 15, 7, -1, -1, 1, 15, -1, 34, ''),
(339, '2015-04-25 14:00:00', 13, 3, -1, -1, 1, 13, -1, 34, ''),
(340, '2015-04-25 14:00:00', 6, 8, -1, -1, 1, 6, -1, 34, ''),
(341, '2015-04-25 14:00:00', 18, 1, -1, -1, 1, 18, -1, 34, ''),
(342, '2015-04-25 14:00:00', 19, 17, -1, -1, 1, 19, -1, 34, ''),
(343, '2015-05-02 14:00:00', 12, 2, -1, -1, 1, 12, -1, 35, ''),
(344, '2015-05-02 14:00:00', 5, 19, -1, -1, 1, 5, -1, 35, ''),
(345, '2015-05-02 14:00:00', 17, 20, -1, -1, 1, 17, -1, 35, ''),
(346, '2015-05-02 14:00:00', 7, 13, -1, -1, 1, 7, -1, 35, ''),
(347, '2015-05-02 14:00:00', 1, 6, -1, -1, 1, 1, -1, 35, ''),
(348, '2015-05-02 14:00:00', 8, 18, -1, -1, 1, 8, -1, 35, ''),
(349, '2015-05-02 14:00:00', 3, 10, -1, -1, 1, 3, -1, 35, ''),
(350, '2015-05-02 14:00:00', 9, 14, -1, -1, 1, 9, -1, 35, ''),
(351, '2015-05-02 14:00:00', 11, 15, -1, -1, 1, 11, -1, 35, ''),
(352, '2015-05-02 14:00:00', 16, 4, -1, -1, 1, 16, -1, 35, ''),
(353, '2015-05-09 14:00:00', 20, 11, -1, -1, 1, 20, -1, 36, ''),
(354, '2015-05-09 14:00:00', 19, 10, -1, -1, 1, 19, -1, 36, ''),
(355, '2015-05-09 14:00:00', 15, 2, -1, -1, 1, 15, -1, 36, ''),
(356, '2015-05-09 14:00:00', 8, 4, -1, -1, 1, 8, -1, 36, ''),
(357, '2015-05-09 14:00:00', 5, 14, -1, -1, 1, 5, -1, 36, ''),
(358, '2015-05-09 14:00:00', 18, 17, -1, -1, 1, 18, -1, 36, ''),
(359, '2015-05-09 14:00:00', 7, 16, -1, -1, 1, 7, -1, 36, ''),
(360, '2015-05-09 14:00:00', 1, 12, -1, -1, 1, 1, -1, 36, ''),
(361, '2015-05-09 14:00:00', 6, 3, -1, -1, 1, 6, -1, 36, ''),
(362, '2015-05-09 14:00:00', 13, 9, -1, -1, 1, 13, -1, 36, ''),
(363, '2015-05-16 14:00:00', 3, 18, -1, -1, 1, 3, -1, 37, ''),
(364, '2015-05-16 14:00:00', 12, 6, -1, -1, 1, 12, -1, 37, ''),
(365, '2015-05-16 14:00:00', 2, 19, -1, -1, 1, 2, -1, 37, ''),
(366, '2015-05-16 14:00:00', 4, 20, -1, -1, 1, 4, -1, 37, ''),
(367, '2015-05-16 14:00:00', 17, 15, -1, -1, 1, 17, -1, 37, ''),
(368, '2015-05-16 14:00:00', 11, 8, -1, -1, 1, 11, -1, 37, ''),
(369, '2015-05-16 14:00:00', 10, 1, -1, -1, 1, 10, -1, 37, ''),
(370, '2015-05-16 14:00:00', 14, 7, -1, -1, 1, 14, -1, 37, ''),
(371, '2015-05-16 14:00:00', 16, 13, -1, -1, 1, 16, -1, 37, ''),
(372, '2015-05-16 14:00:00', 9, 5, -1, -1, 1, 9, -1, 37, ''),
(373, '2015-05-24 14:00:00', 7, 4, -1, -1, 1, 7, -1, 38, ''),
(374, '2015-05-24 14:00:00', 1, 9, -1, -1, 1, 1, -1, 38, ''),
(375, '2015-05-24 14:00:00', 6, 17, -1, -1, 1, 6, -1, 38, ''),
(376, '2015-05-24 14:00:00', 13, 11, -1, -1, 1, 13, -1, 38, ''),
(377, '2015-05-24 14:00:00', 8, 3, -1, -1, 1, 8, -1, 38, ''),
(378, '2015-05-24 14:00:00', 15, 14, -1, -1, 1, 15, -1, 38, ''),
(379, '2015-05-24 14:00:00', 19, 16, -1, -1, 1, 19, -1, 38, ''),
(380, '2015-05-24 14:00:00', 20, 12, -1, -1, 1, 20, -1, 38, ''),
(381, '2015-05-24 14:00:00', 18, 10, -1, -1, 1, 18, -1, 38, ''),
(382, '2015-05-24 14:00:00', 5, 2, -1, -1, 1, 5, -1, 38, '');

-- --------------------------------------------------------

--
-- Структура таблицы `tbl_soccer_player`
--

CREATE TABLE IF NOT EXISTS `tbl_soccer_player` (
`id` int(11) NOT NULL,
  `name` varchar(255) NOT NULL,
  `rusname` varchar(255) NOT NULL,
  `country_id` int(11) NOT NULL,
  `city` varchar(255) DEFAULT NULL,
  `photo_img` varchar(255) DEFAULT NULL,
  `birth_day` date NOT NULL,
  `wiki` text,
  `number` int(11) NOT NULL,
  `pos` varchar(255) NOT NULL,
  `posmarket` varchar(255) DEFAULT NULL,
  `workingleg` varchar(255) DEFAULT NULL,
  `growth` int(255) DEFAULT NULL,
  `weight` int(255) DEFAULT NULL,
  `price` int(255) DEFAULT NULL,
  `f_api_id` int(11) DEFAULT NULL
) ENGINE=MyISAM  DEFAULT CHARSET=utf8 AUTO_INCREMENT=565 ;

--
-- Дамп данных таблицы `tbl_soccer_player`
--

INSERT INTO `tbl_soccer_player` (`id`, `name`, `rusname`, `country_id`, `city`, `photo_img`, `birth_day`, `wiki`, `number`, `pos`, `posmarket`, `workingleg`, `growth`, `weight`, `price`, `f_api_id`) VALUES
(1, 'Petr Cech', 'Петр Чех', 0, 'Plzen', 'e7c9ca.png', '1982-05-20', NULL, 1, 'вратарь', NULL, 'левая', 196, 92, 17000000, NULL),
(2, 'Thibaut Courtois', 'Тибо Куртуа', 9, 'Bree', '330b7e.png', '1992-05-11', NULL, 13, 'вратарь', NULL, 'левая', 194, 80, 25000000, NULL),
(3, 'Mark Schwarzer', 'Марк Шварцер', 10, 'Sydney', 'f8969f.png', '1972-10-06', NULL, 23, 'вратарь', NULL, 'правая', 194, 85, 500000, NULL),
(4, 'Branislav Ivanovic', 'Бранислав Иванович', 11, 'Sremska Mitrovica', '3dfa8a.png', '1984-02-22', NULL, 2, 'защитник', NULL, 'правая', 188, 86, 17000000, NULL),
(5, 'Filipe Luis Kasmirski', 'Филипе', 12, 'Jaraguá do Sul', '0a80e3.png', '1985-08-09', NULL, 3, 'защитник', NULL, 'левая', 182, 70, 18000000, NULL),
(6, 'Nathan Aké', 'Нэйтан Эйк', 29, 'Den Haag', 'e0424d.png', '1995-02-18', NULL, 6, 'защитник', NULL, 'левая', 180, NULL, 1500000, NULL),
(7, 'Kurt Zouma', 'Курт Зума', 0, 'Lyon', '3fc3f4.png', '1994-10-27', NULL, 5, 'защитник', NULL, 'правая', 187, 85, 10000000, NULL),
(8, 'Gary Cahill', 'Гари Кэхилл', 0, 'Sheffield', '1f520a.png', '1985-12-19', NULL, 24, 'защитник', NULL, 'правая', 188, 71, 20000000, NULL),
(9, 'John Terry', 'Джон Терри', 1, 'London', '75263e.png', '1980-12-07', NULL, 26, 'защитник', NULL, 'обе (сильная правая)', 187, 90, 6000000, NULL),
(10, 'César Azpilicueta Tanco', 'Сесар Аспиликуэта', 3, 'Pamplona', 'bcf19f.jpg', '1989-08-28', NULL, 28, 'защитник', NULL, 'правая', 178, 70, 20000000, NULL),
(11, 'Andreas Christensen', 'A. Christensen', 0, 'Allerod', '391a7c.png', '1996-04-10', NULL, 31, 'защитник', NULL, 'правая', 188, NULL, 500000, NULL),
(12, 'Francesc Fàbregas i Soler', 'Сеск Фабрегас', 3, 'Vilassar de Mar', 'a5913e.png', '1987-05-04', NULL, 4, 'полузащитник', NULL, 'обе (сильная правая)', 180, 69, 40000000, NULL),
(13, 'Ramires Santos do Nascimento', 'Рамирес', 12, 'Barra do Piraí', 'fd947f.png', '1987-03-24', NULL, 7, 'полузащитник', NULL, 'правая', 179, 65, 28000000, NULL),
(14, 'Oscar dos Santos Emboaba Júnior', 'Оскар', 12, 'Americana', 'e4c360.png', '1991-09-09', NULL, 8, 'полузащитник', NULL, 'правая', 179, 66, NULL, NULL),
(15, 'Eden Hazard', 'Эден Азар', 9, 'La Louvière', '16f5c4.png', '1991-01-07', NULL, 10, 'полузащитник', NULL, 'обе (сильная правая)', 170, 69, 48000000, NULL),
(16, 'John Michael Nchekwube Obinna', 'Джон Оби Микел', 0, 'Jos', '1b3375.jpg', '1987-04-22', NULL, 12, 'полузащитник', NULL, 'обе', 186, 86, 15000000, NULL),
(17, 'Mohamed Salah Ghaly', 'Мохаммед Салах', 0, 'Mu?afa?at al Gharbiyya', 'cd4f26.png', '1992-06-15', NULL, 17, 'полузащитник', NULL, 'левая', 175, 70, 13000000, NULL),
(18, 'Willian Borges Da Silva', 'Виллиан', 12, 'Ribeirão Pires', '5ae2a0.png', '1988-08-09', NULL, 22, 'полузащитник', NULL, 'правая', 174, 72, NULL, NULL),
(19, 'Lewis Baker', 'L. Baker', 0, '', 'ee03eb.png', '1995-04-25', NULL, 34, 'полузащитник', NULL, 'обе', 0, 0, 250000, NULL),
(20, 'Isaiah Brown', 'I. Brown', 0, '', '56fa8e.png', '1997-01-07', NULL, 0, 'нападающий', NULL, 'правая', 0, 0, NULL, NULL),
(21, 'Dominic Solanke', 'D. Solanke', 0, '', '424708.jpg', '1997-09-14', NULL, 0, 'нападающий', NULL, '0', 0, 0, NULL, NULL),
(22, 'Didier Yves Drogba Tébily', 'Дидье Дрогба', 0, 'Abidjan', '033ca9.png', '1978-03-11', NULL, 11, 'нападающий', NULL, 'правая', 189, 91, 1000000, NULL),
(23, 'André Schürrle', 'Андре Шюррле', 6, 'Ludwigshafen', '97c19f.png', '1990-11-06', NULL, 14, 'нападающий', NULL, 'правая', 183, 74, 23000000, NULL),
(24, 'Loïc Rémy', 'Лоик Реми', 4, 'Lyon', 'ced40e.png', '1987-01-02', NULL, 18, 'нападающий', NULL, 'правая', 184, 66, 12000000, NULL),
(25, 'Diego Da Silva Costa', 'Диего Коста', 3, 'Lagarto', 'e37085.png', '1988-10-07', NULL, 19, 'нападающий', NULL, 'правая', 186, 78, 37000000, NULL),
(26, 'Robert Green', 'Роберт Грин', 1, 'Chertsey', 'c829dc.jpg', '1980-01-18', NULL, 1, 'вратарь', NULL, 'правая', 191, 93, 1000000, NULL),
(27, 'Alex McCarthy', 'Алекс МакКарти', 1, 'Guildford', '6fd63b.png', '1989-12-03', NULL, 12, 'вратарь', NULL, 'обе (сильная правая)', 193, 79, NULL, NULL),
(28, 'Brian Murphy', 'Брайан Мерфи', 18, 'Waterford', '9b8c93.png', '1983-05-07', NULL, 21, 'вратарь', NULL, 'правая', 185, 83, NULL, NULL),
(29, 'Armand Traoré', 'Арман Траоре', 38, 'Paris', '176878.png', '1989-10-08', NULL, 3, 'защитник', NULL, 'левая', 185, 82, 2500000, NULL),
(30, 'Steven Caulker', 'Стивен Кокер', 1, 'London', 'c9cc21.png', '1991-12-29', NULL, 4, 'защитник', NULL, 'правая', 191, 76, 7500000, NULL),
(31, 'Rio Ferdinand', 'Рио Фердинанд', 1, 'London', '389428.png', '1978-11-07', NULL, 5, 'защитник', NULL, 'правая', 189, 82, 1000000, NULL),
(32, 'Suk-Young Yoon', 'Suk-Young Yoon', 0, 'Suwon', '4c8261.jpg', '1990-02-13', NULL, 13, 'защитник', NULL, '0', 182, 74, 1000000, NULL),
(33, 'Chinedum Onuoha', 'Недум Онуоха', 1, 'Warri', '91ed22.jpg', '1986-11-12', NULL, 15, 'защитник', NULL, '0', 183, 78, 2000000, NULL),
(34, 'Richard Dunne', 'Ричард Данн', 18, 'Dublin', 'bde580.jpg', '1979-09-21', NULL, 22, 'защитник', NULL, 'правая', 188, 95, NULL, NULL),
(35, 'Michael Harriman', 'M. Harriman', 18, 'Chichester', 'b709fa.png', '1992-10-23', NULL, 37, 'защитник', NULL, 'правая', 168, NULL, NULL, NULL),
(36, 'Matt Phillips', 'Мэтт Филлипс', 17, 'Aylesbury', 'b00b5a.png', '1991-03-13', NULL, 7, 'полузащитник', NULL, 'правая', 183, 75, 4500000, NULL),
(37, 'Joey Barton', 'Джои Бартон', 1, 'Huyton', '6f0acd.png', '1982-09-02', NULL, 8, 'полузащитник', NULL, 'правая', 172, 70, NULL, NULL),
(38, 'Leroy Fer', 'Лерой Фер', 29, 'Zoetermeer', '4f5862.png', '1990-01-05', NULL, 10, 'полузащитник', NULL, 'правая', 188, 79, 8500000, NULL),
(39, 'Shaun Wright-Phillips', 'Шон Райт-Филлипс', 1, 'Greenwich', '4915a5.png', '1981-10-25', NULL, 11, 'полузащитник', NULL, 'правая', 168, 64, 1000000, NULL),
(40, 'Mauricio Aníbal Isla Isla', 'Маурисио Исла', 0, 'Buin', '7e2dbc.jpg', '1988-06-12', NULL, 14, 'полузащитник', NULL, 'правая', 177, 72, 9000000, NULL),
(41, 'Jordon Mutch', 'Джордан Мутч', 1, 'Alvaston', '77512c.png', '1991-12-02', NULL, 17, 'полузащитник', NULL, 'правая', 184, 81, 6000000, NULL),
(42, 'Alejandro Faurlin', 'Алехандро Фаурлин', 23, 'Rosario', 'bca4cb.jpg', '1986-08-09', NULL, 18, 'полузащитник', NULL, '0', 185, 79, NULL, NULL),
(43, 'Niko Kranjcar', 'Нико Краньчар', 8, 'Zagreb', '514510.png', '1984-08-13', NULL, 19, 'полузащитник', NULL, 'правая', 185, 80, 3000000, NULL),
(44, 'Karl Henry', 'K. Henry', 1, 'Wolverhampton', '8a9f6d.png', '1982-11-26', NULL, 20, 'полузащитник', NULL, 'правая', 185, 80, NULL, NULL),
(45, 'Adel Taarabt', 'Адель Таарабт', 0, 'Fes', '602b6d.png', '1989-05-24', NULL, 27, 'полузащитник', NULL, 'правая', 180, 76, 7000000, NULL),
(46, 'Max Ehmer', 'Макс Эхмер', 6, 'Frankfurt', '83fb99.jpg', '1992-02-03', NULL, 28, 'полузащитник', NULL, '0', 188, NULL, NULL, NULL),
(47, 'Sandro Ranieri Guimarães Cordeiro', 'Сандро', 12, 'Riachinho', '352f67.png', '1989-03-15', NULL, 30, 'полузащитник', NULL, 'правая', 187, 75, NULL, NULL),
(48, 'Charlie Austin', 'Чарли Остин', 1, 'Hungerford', 'f30286.png', '1989-07-05', NULL, 9, 'нападающий', NULL, 'правая', 188, 84, 5000000, NULL),
(49, 'David Junior Hoilett', 'Джуниор Хойлетт', 31, 'Brampton', 'a2c590.jpg', '1990-06-05', NULL, 23, 'нападающий', NULL, '0', 173, 70, 5500000, NULL),
(50, 'Eduardo Jesús Vargas Rojas', 'Эдуардо Варгас', 0, 'Santiago de Chile', 'c6576e.png', '1989-11-20', NULL, 24, 'нападающий', NULL, 'правая', 175, 70, 6000000, NULL),
(51, 'Bobby Zamora', 'Бобби Замора', 1, 'London', 'a06b1c.png', '1981-01-16', NULL, 25, 'нападающий', NULL, 'левая', 183, 74, NULL, NULL),
(52, 'David De Gea Quintana', 'Давид Де Хеа', 3, 'Madrid', '892f84.jpg', '1990-11-07', NULL, 1, 'вратарь', NULL, 'правая', 0, 0, 18000000, NULL),
(53, 'Anders Lindegaard', 'Андерс Линдегор', 44, 'Odense', 'a1ea7d.png', '1984-04-13', NULL, 13, 'вратарь', NULL, 'правая', 0, 0, 2000000, NULL),
(54, 'Ben Amos', 'Бен Эймос', 1, 'Macclesfield', '368bc0.png', '1990-04-10', NULL, 40, 'вратарь', NULL, 'правая', 0, 0, 1000000, NULL),
(55, 'Rafael Pereira Da Silva', 'Рафаэл', 12, 'Petrópolis', '614225.png', '1990-07-09', NULL, 2, 'защитник', NULL, 'правая', 0, 0, NULL, NULL),
(56, 'Luke Shaw', 'Люк Шоу', 1, 'Kingston upon Thames', 'b115c2.png', '1995-07-12', NULL, 3, 'защитник', NULL, 'левая', 0, 0, 22000000, NULL),
(57, 'Phil Jones', 'Фил Джонс', 1, 'Preston', '8b9462.png', '1992-02-21', NULL, 4, 'защитник', NULL, 'правая', 0, 0, 16000000, NULL),
(58, 'Faustino Marcos Alberto Rojo', 'Маркос Рохо', 0, 'La Plata', '29e2d8.png', '1990-03-20', NULL, 5, 'защитник', NULL, 'левая', 0, 0, 16000000, NULL),
(59, 'Jonny Evans', 'Джонни Эванс', 46, 'Belfast', 'd87a83.png', '1988-01-03', NULL, 6, 'защитник', NULL, 'обе (сильная правая)', 0, 0, 10000000, NULL),
(60, 'Chris Smalling', 'Крис Смоллинг', 1, 'Greenwich', '36cae9.png', '1989-11-22', NULL, 12, 'защитник', NULL, 'правая', 0, 0, 12000000, NULL),
(61, 'Daley Blind', 'Дэйли Блинд', 29, 'Amsterdam', '7d50c6.png', '1990-03-09', NULL, 17, 'защитник', NULL, 'левая', 0, 0, 15000000, NULL),
(62, 'Marnick Vermijl', 'Марник Вермийл', 0, 'Peer', '900d3c.png', '1992-01-13', NULL, 36, 'защитник', NULL, 'правая', 0, 0, NULL, NULL),
(63, 'Saidy Janko', 'S. Janko', 30, 'Zürich', '069cf6.png', '1995-10-22', NULL, 37, 'защитник', NULL, 'правая', 0, 0, NULL, NULL),
(64, 'Tom Thorpe', 'T. Thorpe', 1, 'Manchester', 'f0804d.png', '1993-01-13', NULL, 39, 'защитник', NULL, 'правая', 0, 0, 200000, NULL),
(65, 'Reece James', 'R. James', 0, '', '3d7bb5.png', '1993-11-07', NULL, 41, 'защитник', NULL, 'левая', 0, 0, NULL, NULL),
(66, 'Tyler Blackett', 'Тайлер Блэкетт', 1, '', '7fdf43.png', '1994-04-02', NULL, 42, 'защитник', NULL, 'левая', 0, 0, 500000, NULL),
(67, 'Ángel Fabián di María Hernández', 'Анхель Ди Мария', 23, 'Rosario', '56c6c2.png', '1988-02-14', NULL, 7, 'полузащитник', NULL, 'левая', 0, 0, 65000000, NULL),
(68, 'Adnan Januzaj', 'Аднан Янузай', 9, 'Brussels', 'd5602c.png', '1995-02-05', NULL, 11, 'полузащитник', NULL, 'левая', 0, 0, 10000000, NULL),
(69, 'Michael Carrick', 'Майкл Каррик', 1, 'Wallsend', '685976.png', '1981-07-28', NULL, 16, 'полузащитник', NULL, 'обе (сильная правая)', 0, 0, 6000000, NULL),
(70, 'Ashley Young', 'Эшли Янг', 1, 'Stevenage', 'cd2945.png', '1985-07-09', NULL, 18, 'полузащитник', NULL, 'правая', 0, 0, 11000000, NULL),
(71, 'Ander Herrera Agüera', 'Андер Эррера', 3, 'Bilbao', '099df3.png', '1989-08-14', NULL, 21, 'полузащитник', NULL, 'правая', 0, 0, 27000000, NULL),
(72, 'Darren Fletcher', 'Даррен Флетчер', 17, 'Dalkeith', 'ed2935.png', '1984-02-01', NULL, 24, 'полузащитник', NULL, 'правая', 0, 0, 3000000, NULL),
(73, 'Luis Antonio Valencia Mosquera', 'Антонио Валенсия', 28, 'Lago Agrio', '2945ce.png', '1985-08-04', NULL, 25, 'полузащитник', NULL, 'правая', 0, 0, 13000000, NULL),
(74, 'Anderson Luis de Abreu Oliveira', 'Андерсон', 12, 'Porto Alegre', 'e919dc.png', '1988-04-13', NULL, 28, 'полузащитник', NULL, 'левая', 0, 0, 5000000, NULL),
(75, 'Marouane Fellaini-Bakkioui', 'Маруан Феллайни', 9, 'Etterbeek', '8fc335.png', '1987-11-22', NULL, 31, 'полузащитник', NULL, 'правая', 0, 0, 20000000, NULL),
(76, 'Patrick McNair', 'Патрик Макнейр', 46, 'Ballyclare', 'e36fd0.png', '1995-04-27', NULL, 33, 'полузащитник', NULL, 'правая', 0, 0, 250000, NULL),
(77, 'Jesse Lingard', 'Джесси Лингард', 1, 'Warrington', '15fa3a.png', '1992-12-15', NULL, 35, 'полузащитник', NULL, 'правая', 0, 0, 1000000, NULL),
(78, 'Juan Manuel Mata García', 'Хуан Мата', 3, 'Burgos', '3fc830.png', '1988-04-28', NULL, 8, 'нападающий', NULL, 'левая', 0, 0, 40000000, NULL),
(79, 'Radamel Falcao García Zárate', 'Радамель Фалькао', 24, 'Santa Marta', '9a2b7a.png', '1986-02-10', NULL, 9, 'нападающий', NULL, 'обе (сильная правая)', 0, 0, 55000000, NULL),
(80, 'Wayne Rooney', 'Уэйн Руни', 1, 'Liverpool', '9c5d3f.png', '1985-10-24', NULL, 10, 'нападающий', NULL, 'правая', 0, 0, 45000000, NULL),
(81, 'Robin van Persie', 'Робин ван Перси', 29, 'Rotterdam', '346747.png', '1983-08-06', NULL, 20, 'нападающий', NULL, 'обе (сильная левая)', 0, 0, 33000000, NULL),
(82, 'Andreas Pereira', 'A. Pereira', 0, '', '82f40d.png', '1996-01-01', NULL, 44, 'нападающий', NULL, 'правая', 0, 0, NULL, NULL),
(83, 'Will Keane', 'W. Keane', 1, 'Stockport', 'b1ead4.png', '1993-01-11', NULL, 48, 'нападающий', NULL, 'правая', 0, 0, 300000, NULL),
(84, 'James Wilson', 'Джеймс Уилсон', 0, '', '6dbd24.png', '1995-12-01', NULL, 49, 'нападающий', NULL, 'левая', 0, 0, 250000, NULL),
(85, 'Tom Heaton', 'T. Heaton', 1, 'Chester', '0d4b49.png', '1986-04-15', NULL, 1, 'вратарь', NULL, 'правая', 0, 0, NULL, NULL),
(86, 'Matt Gilks', 'M. Gilks', 17, 'Rochdale', 'b5d2ab.png', '1982-06-04', NULL, 22, 'вратарь', NULL, 'правая', 0, 0, NULL, NULL),
(87, 'Kieran Trippier', 'K.Trippier', 1, 'Bury', 'fd7d0c.png', '1990-09-19', NULL, 2, 'защитник', NULL, 'правая', 0, 0, NULL, NULL),
(88, 'Danny Lafferty', 'D. Lafferty', 46, 'Derry', '436f4d.png', '1989-05-18', NULL, 3, 'защитник', NULL, 'левая', 0, 0, NULL, NULL),
(89, 'Michael Duff', 'M. Duff', 46, 'Belfast', '02986f.png', '1978-01-11', NULL, 4, 'защитник', NULL, 'правая', 0, 0, NULL, NULL),
(90, 'Jason Shackell', 'J. Shackell', 1, 'Stevenage', '51985c.jpg', '1983-09-27', NULL, 5, 'защитник', NULL, '0', 0, 0, NULL, NULL),
(91, 'Ben Mee', 'B. Mee', 1, '', 'a99c1b.jpg', '1989-09-23', NULL, 6, 'защитник', NULL, '0', 0, 0, NULL, NULL),
(92, 'Steven Reid', 'Стивен Рид', 18, 'Kingston-on-Thames', '1ad7b4.png', '1981-03-10', NULL, 18, 'защитник', NULL, 'правая', 0, 0, NULL, NULL),
(93, 'Nathaniel Chalobah', 'N. Chalobah', 1, 'Freetown', 'cc4380.png', '1994-12-12', NULL, 20, 'защитник', NULL, 'правая', 0, 0, 4000000, NULL),
(94, 'Stephen Ward', 'S. Ward', 18, 'Dublin', 'a55b01.png', '1985-08-20', NULL, 23, 'защитник', NULL, 'левая', 0, 0, NULL, NULL),
(95, 'Michael Keane', 'M. Keane', 0, 'Stockport', '30b120.png', '1993-01-11', NULL, 25, 'защитник', NULL, 'правая', 0, 0, 500000, NULL),
(96, 'Kevin Long', 'K. Long', 18, 'Cork', 'aadab8.png', '1990-08-18', NULL, 28, 'защитник', NULL, 'правая', 0, 0, NULL, NULL),
(97, 'Cameron Dummigan', 'C. Dummigan', 46, '', 'b3327e.png', '1996-06-02', NULL, 38, 'защитник', NULL, 'правая', 0, 0, NULL, NULL),
(98, 'Ross Wallace', 'R. Wallace', 17, 'Dundee', '63a3e9.png', '1985-05-23', NULL, 7, 'полузащитник', NULL, 'левая', 0, 0, NULL, NULL),
(99, 'Kasper Schmeichel', 'Каспер Шмейхель', 44, 'København', '612625.png', '1986-11-05', NULL, 1, 'вратарь', NULL, 'обе (сильная правая)', 0, 0, 3500000, NULL),
(100, 'Ben Hamer', 'B. Hamer', 1, 'Taunton', 'ee0255.png', '1987-11-20', NULL, 12, 'вратарь', NULL, 'правая', 0, 0, NULL, NULL),
(101, 'Adam Smith', 'A. Smith', 1, 'Sunderland', 'fb2066.png', '1992-11-23', NULL, 31, 'вратарь', NULL, 'правая', 0, 0, NULL, NULL),
(102, 'Zoumana Bakayogo', 'Z. Bakayogo', 0, '', '2bf36b.jpg', '1986-08-17', NULL, 0, 'защитник', NULL, '0', 0, 0, NULL, NULL),
(103, 'Ritchie De Laet', 'Ричи де Лат', 9, 'Antwerpen', '88df27.png', '1988-11-28', NULL, 2, 'защитник', NULL, 'правая', 0, 0, NULL, NULL),
(104, 'Paul Konchesky', 'Пол Кончески', 1, 'Barking', '79818f.png', '1981-05-15', NULL, 3, 'защитник', NULL, 'левая', 0, 0, NULL, NULL),
(105, 'Wes Morgan', 'Уэс Морган', 0, 'Nottingham', '75cf67.png', '1984-01-21', NULL, 5, 'защитник', NULL, 'правая', 0, 0, NULL, NULL),
(106, 'Matthew Upson', 'Мэттью Апсон', 1, 'Hartismere', '2db5bd.jpg', '1979-04-18', NULL, 6, 'защитник', NULL, 'левая', 0, 0, NULL, NULL),
(107, 'Danny Simpson', 'Дэнни Симпсон', 1, 'Salford', '7f3657.png', '1987-01-04', NULL, 17, 'защитник', NULL, 'правая', 0, 0, 2500000, NULL),
(108, 'Liam Moore', 'Лиам Мур', 1, 'Leicester', 'ad13f5.png', '1993-01-31', NULL, 18, 'защитник', NULL, 'правая', 0, 0, NULL, NULL),
(109, 'Marcin Ryszard Wasilewski', 'Марцин Василевский', 21, 'Kraków', 'af8aed.jpg', '1980-06-09', NULL, 27, 'защитник', NULL, 'правая', 0, 0, 500000, NULL),
(110, 'Nick Powell', 'Ник Пауэлл', 1, 'Crewe', '60f402.png', '1994-03-23', NULL, 0, 'полузащитник', NULL, 'обе (сильная правая)', 0, 0, 4000000, NULL),
(111, 'Tom Lawrence', 'T. Lawrence', 2, '', '93b3eb.png', '1994-01-13', NULL, 0, 'полузащитник', NULL, 'правая', 0, 0, 1000000, NULL),
(112, 'Danny Drinkwater', 'Дэнни Дринкуотер', 1, 'Manchester', 'fba1f4.png', '1990-03-05', NULL, 4, 'полузащитник', NULL, 'правая', 0, 0, NULL, NULL),
(113, 'Dean Hammond', 'Дин Хаммонд', 1, 'Hastings', '645081.png', '1983-03-07', NULL, 7, 'полузащитник', NULL, 'правая', 0, 0, NULL, NULL),
(114, 'Matthew James', 'M. James', 1, 'Bacup', 'b1239a.png', '1991-07-22', NULL, 8, 'полузащитник', NULL, 'правая', 0, 0, NULL, NULL),
(115, 'Andy King', 'A. King', 2, 'Maidenhead', '4ae8ee.png', '1988-10-29', NULL, 10, 'полузащитник', NULL, 'правая', 0, 0, NULL, NULL),
(116, 'Marc Albrighton', 'Марк Олбрайтон', 1, 'Tamworth', '8a443b.png', '1989-11-18', NULL, 11, 'полузащитник', NULL, 'правая', 0, 0, NULL, NULL),
(117, 'Esteban Matías Cambiasso Delau', 'Эстебан Камбьясо', 23, 'Buenos Aires', '67af22.jpg', '1980-08-18', NULL, 19, 'полузащитник', NULL, 'левая', 0, 0, 3000000, NULL),
(118, 'Anthony Knockaert', 'A. Knockaert', 4, '', '634a6e.png', '1991-11-20', NULL, 24, 'полузащитник', NULL, 'левая', 0, 0, 3000000, NULL),
(119, 'Jack Barmby', 'J. Barmby', 1, '', '6f40e6.png', '1994-11-14', NULL, 29, 'полузащитник', NULL, 'левая', 0, 0, NULL, NULL),
(120, 'Jamie Vardy', 'Джейми Варди', 1, '', 'ad7427.png', '1987-01-11', NULL, 9, 'нападающий', NULL, 'обе (сильная правая)', 0, 0, 2000000, NULL),
(121, 'Jeffrey Schlupp', 'Джефф Шлупп', 0, 'Hamburg', '7ceca0.png', '1992-12-23', NULL, 15, 'нападающий', NULL, 'левая', 0, 0, 1000000, NULL),
(122, 'Tom Hopper', 'T. Hopper', 1, '', 'ecc5c8.jpg', '1994-10-01', NULL, 20, 'нападающий', NULL, '0', 0, 0, NULL, NULL),
(123, 'José Leonardo Ulloa', 'Леонардо Ульоа', 23, 'General Roca', '82ec98.png', '1986-07-26', NULL, 23, 'нападающий', NULL, 'правая', 0, 0, 7000000, NULL),
(124, 'Riyad Mahrez', 'Рияд Махрез', 32, '', '110caa.png', '1991-02-21', NULL, 26, 'нападающий', NULL, 'левая', 0, 0, 2000000, NULL),
(125, 'David Nugent', 'Дэвид Ньюджент', 1, 'Huyton', 'f3ba4f.png', '1985-05-02', NULL, 35, 'нападающий', NULL, 'правая', 0, 0, NULL, NULL),
(126, 'Chris Wood', 'C. Wood', 41, 'Auckland', '64ec3f.png', '1991-12-07', NULL, 39, 'нападающий', NULL, 'правая', 0, 0, 1250000, NULL),
(127, 'Dean Marney', 'D. Marney', 1, 'Barking', '25c9bb.png', '1984-01-31', NULL, 8, 'полузащитник', NULL, 'правая', 0, 0, NULL, NULL),
(128, 'David Jones', 'D. Jones', 1, 'Southport', '2023b2.png', '1984-11-04', NULL, 14, 'полузащитник', NULL, 'левая', 0, 0, 2000000, NULL),
(129, 'Matthew Taylor', 'Мэттью Тейлор', 1, 'Oxford', '1ca680.png', '1981-11-27', NULL, 15, 'полузащитник', NULL, 'правая', 0, 0, NULL, NULL),
(130, 'Michael Kightly', 'Майкл Кайтли', 1, 'Basildon', '26f9e2.png', '1986-01-24', NULL, 19, 'полузащитник', NULL, 'правая', 0, 0, NULL, NULL),
(131, 'Cameron Howieson', 'C. Howieson', 41, '', '09eb86.png', '1994-12-22', NULL, 32, 'полузащитник', NULL, 'правая', 0, 0, NULL, NULL),
(132, 'Steven Hewitt', 'S. Hewitt', 1, '', '294eb0.png', '1993-12-05', NULL, 33, 'полузащитник', NULL, 'правая', 0, 0, NULL, NULL),
(133, 'Scott Arfield', 'Скотт Арфилд', 17, 'Livingston', '870e63.png', '1988-11-01', NULL, 37, 'полузащитник', NULL, 'правая', 0, 0, NULL, NULL),
(134, 'Sam Vokes', 'S. Vokes', 2, 'Southampton', '29db45.png', '1989-10-21', NULL, 9, 'нападающий', NULL, 'правая', 0, 0, NULL, NULL),
(135, 'Danny Ings', 'D. Ings', 1, 'Winchester', 'fa07a0.png', '1992-03-16', NULL, 10, 'нападающий', NULL, 'правая', 0, 0, 4000000, NULL),
(136, 'Marvin Sordell', 'Марвин Сорделл', 1, 'London', 'bc04a4.png', '1991-02-17', NULL, 17, 'нападающий', NULL, 'правая', 0, 0, NULL, NULL),
(137, 'Lukas Jutkiewicz', 'L. Jutkiewicz', 1, 'Southampton', '040a00.jpg', '1989-03-28', NULL, 19, 'нападающий', NULL, '0', 0, 0, NULL, NULL),
(138, 'George Boyd', 'Джордж Бойд', 17, 'Chatham', 'b3d8d5.png', '1985-10-02', NULL, 21, 'нападающий', NULL, 'обе (сильная левая)', 0, 0, NULL, NULL),
(139, 'Ashley Barnes', 'Эшли Барнес', 0, 'Bath', '71b74e.png', '1989-10-30', NULL, 30, 'нападающий', NULL, 'правая', 0, 0, NULL, NULL),
(140, 'Julián Speroni', 'Хулиан Сперони', 23, 'Buenos Aires', '1ec9dc.png', '1979-05-18', NULL, 1, 'вратарь', NULL, 'правая', 0, 0, NULL, NULL),
(141, 'Wayne Hennessey', 'W. Hennessey', 2, 'Bangor', 'b72c17.png', '1987-01-24', NULL, 13, 'вратарь', NULL, 'обе (сильная правая)', 0, 0, NULL, NULL),
(142, 'Chris Kettings', 'C. Kettings', 17, '', '705b31.png', '1992-10-25', NULL, 26, 'вратарь', NULL, 'правая', 0, 0, NULL, NULL),
(143, 'Lewis Price', 'L. Price', 2, 'Bournemouth', '3007cf.png', '1984-07-19', NULL, 30, 'вратарь', NULL, 'правая', 0, 0, NULL, NULL),
(144, 'Patrick McCarthy', 'P. McCarthy', 18, 'Dublin', '3417ef.jpg', '1983-05-31', NULL, 0, 'защитник', NULL, 'правая', 0, 0, 500000, NULL),
(145, 'Joel Ward', 'Джоэл Уорд', 1, 'Portsmouth', '13081b.png', '1989-10-29', NULL, 2, 'защитник', NULL, 'правая', 0, 0, NULL, NULL),
(146, 'Adrian Mariappa', 'Эдриан Мариаппа', 0, 'Harrow', '4f2deb.png', '1986-10-03', NULL, 3, 'защитник', NULL, 'обе (сильная правая)', 0, 0, NULL, NULL),
(147, 'Brede Hangeland', 'Бреде Хангеланд', 0, 'Houston', '24e5c7.png', '1981-06-20', NULL, 4, 'защитник', NULL, 'правая', 0, 0, 2000000, NULL),
(148, 'Scott Dann', 'Скотт Дэнн', 1, 'Liverpool', '4c7f23.png', '1987-02-14', NULL, 6, 'защитник', NULL, 'правая', 0, 0, NULL, NULL),
(149, 'Ezekiel Fryers', 'Эзекил Фрайерс', 1, 'Manchester', 'bbc90a.jpg', '1992-09-09', NULL, 19, 'защитник', NULL, '0', 0, 0, 3500000, NULL),
(150, 'Damien Delaney', 'Дэмьен Дилэйни', 18, 'Douglas', '5b6c3b.jpg', '1981-07-20', NULL, 27, 'защитник', NULL, 'левая', 0, 0, NULL, NULL),
(151, 'Martin Kelly', 'Мартин Келли', 1, 'Bolton', '7b5603.png', '1990-04-27', NULL, 34, 'защитник', NULL, 'правая', 0, 0, 3000000, NULL),
(152, 'Jimmy Kébé', 'Джими Кебе', 0, 'Vitry-sur-Sein', 'dc4d30.jpg', '1984-01-19', NULL, 0, 'полузащитник', NULL, 'левая', 0, 0, NULL, NULL),
(153, 'Yannick Bolasie Yala', 'Янник Боласи', 0, 'Kinshasa', 'f47ee1.png', '1989-05-24', NULL, 7, 'полузащитник', NULL, 'правая', 0, 0, 4000000, NULL),
(154, 'Adlène Guédioura', 'Адлен Гедиура', 32, 'La Roche-sur-Yon', '3a7477.png', '1985-11-12', NULL, 8, 'полузащитник', NULL, 'правая', 0, 0, NULL, NULL),
(155, 'Stuart O''Keefe', 'Стюарт О''Киф', 1, 'Norwich', '4fa5be.jpg', '1991-03-04', NULL, 12, 'полузащитник', NULL, '0', 0, 0, NULL, NULL),
(156, 'Jerome Thomas', 'Джером Томас', 1, 'London', 'd8cf37.jpg', '1983-03-23', NULL, 14, 'полузащитник', NULL, '0', 0, 0, NULL, NULL),
(157, 'Mile Jedinak', 'Миле Единак', 10, 'Sydney', '2c66fb.png', '1984-08-03', NULL, 15, 'полузащитник', NULL, 'правая', 0, 0, NULL, NULL),
(158, 'James McArthur', 'J. McArthur', 17, 'Glasgow', '3f7c97.png', '1987-10-07', NULL, 18, 'полузащитник', NULL, 'правая', 0, 0, NULL, NULL),
(159, 'Barry Bannan', 'Барри Бэннан', 17, 'Airdrie', 'ecf78e.png', '1989-12-01', NULL, 25, 'полузащитник', NULL, 'левая', 0, 0, 3000000, NULL),
(160, 'Joe Ledley', 'Джо Ледли', 2, 'Cardiff', '0ab1a1.jpg', '1987-01-23', NULL, 28, 'полузащитник', NULL, 'левая', 0, 0, NULL, NULL),
(161, 'Kyle De Silva', 'K. De Silva', 1, 'Croydon', 'f8bab0.jpg', '1993-11-29', NULL, 35, 'полузащитник', NULL, '0', 0, 0, NULL, NULL),
(162, 'Hiram Boateng', 'H. Boateng', 0, 'Wandsworth', 'cb1d41.png', '1996-01-08', NULL, 36, 'полузащитник', NULL, 'левая', 0, 0, NULL, NULL),
(163, 'Jake Gray', 'J. Gray', 1, '', '8c0616.jpg', '1995-12-25', NULL, 38, 'полузащитник', NULL, '0', 0, 0, NULL, NULL),
(164, 'Jason Puncheon', 'Джейсон Панчон', 1, 'Croydon', '6e17d8.png', '1986-06-26', NULL, 42, 'полузащитник', NULL, 'левая', 0, 0, 4500000, NULL),
(165, 'Kevin Doyle', 'K. Doyle', 18, 'Adamstown, Wexford', '3f7e0d.png', '1983-09-18', NULL, 9, 'нападающий', NULL, 'правая', 0, 0, 1500000, NULL),
(166, 'Fraizer Campbell', 'Фрейзер Кэмпбелл', 1, 'Huddersfield', 'a80eb2.jpg', '1987-09-13', NULL, 10, 'нападающий', NULL, 'правая', 0, 0, NULL, NULL),
(167, 'Wilfried Zaha', 'Уилфрид Заха', 1, 'Abidjan', 'eb6bad.png', '1992-11-10', NULL, 11, 'нападающий', NULL, 'правая', 0, 0, 8000000, NULL),
(168, 'Dwight Gayle', 'Дуайт Гэйл', 1, 'London', '83e34c.jpg', '1990-10-20', NULL, 16, 'нападающий', NULL, '0', 0, 0, NULL, NULL),
(169, 'Andy Johnson', 'Эндрю Джонсон', 1, 'Bedford', 'ee82ad.png', '1981-02-10', NULL, 17, 'нападающий', NULL, 'правая', 0, 0, NULL, NULL),
(170, 'Marouane Chamakh', 'Маруан Шамах', 0, 'Tonneins', '02d903.png', '1984-01-10', NULL, 29, 'нападающий', NULL, 'правая', 0, 0, 2500000, NULL),
(171, 'Sullay Kaikai', 'S. Kaikai', 1, 'London', '29dd47.png', '1995-08-26', NULL, 37, 'нападающий', NULL, 'правая', 0, 0, NULL, NULL),
(172, 'Bradley Guzan', 'Брэд Гузан', 19, 'Evergreen Park', '355039.jpg', '1984-09-09', NULL, 1, 'вратарь', NULL, 'правая', 0, 0, NULL, NULL),
(173, 'Shay Given', 'Шей Гивен', 18, 'Lifford', 'c21fa8.png', '1976-04-20', NULL, 31, 'вратарь', NULL, 'правая', 0, 0, NULL, NULL),
(174, 'Nathan Baker', 'Нэйтон Бэйкер', 1, 'Dines Green', 'b33319.png', '1991-04-23', NULL, 2, 'защитник', NULL, 'левая', 0, 0, NULL, NULL),
(175, 'Ron Vlaar', 'Рон Влар', 29, 'Hensbroek', 'b4b65c.png', '1985-02-16', NULL, 4, 'защитник', NULL, 'правая', 0, 0, NULL, NULL),
(176, 'Jores Okore', 'Жорес Окор', 44, 'Abidjan', '27f025.png', '1992-08-11', NULL, 5, 'защитник', NULL, 'правая', 0, 0, 4500000, NULL),
(177, 'Ciaran Clark', 'Киран Кларк', 18, 'Harrow', '4ad159.png', '1989-09-26', NULL, 6, 'защитник', NULL, 'левая', 0, 0, 2500000, NULL),
(178, 'Philippe Senderos', 'Филипп Сендерос', 30, 'Gèneve', '461788.png', '1985-02-14', NULL, 14, 'защитник', NULL, 'правая', 0, 0, 2000000, NULL),
(179, 'Alan Hutton', 'Алан Хаттон', 17, 'Glasgow', '16be89.png', '1984-11-30', NULL, 21, 'защитник', NULL, 'правая', 0, 0, 1500000, NULL),
(180, 'Aly Cissokho', 'Али Сиссоко', 4, 'Blois', '184bca.png', '1987-09-15', NULL, 23, 'защитник', NULL, 'левая', 0, 0, 5000000, NULL),
(181, 'Matthew Lowton', 'Мэттью Лоутон', 1, 'Chesterfield', '88776c.png', '1989-06-09', NULL, 34, 'защитник', NULL, 'правая', 0, 0, NULL, NULL),
(182, 'Leandro Bacuna', 'Леандро Бакуна', 29, 'Groningen', '289113.png', '1991-08-21', NULL, 7, 'полузащитник', NULL, 'правая', 0, 0, NULL, NULL),
(183, 'Tom Cleverley', 'Том Клеверли', 1, 'Basingstoke', 'fc48b9.png', '1989-08-12', NULL, 8, 'полузащитник', NULL, 'правая', 0, 0, 11000000, NULL),
(184, 'Joe Cole', 'Джо Коул', 1, 'Paddington', 'b86868.png', '1981-11-08', NULL, 12, 'полузащитник', NULL, 'обе (сильная правая)', 0, 0, 2000000, NULL),
(185, 'Ashley Westwood', 'Эшли Вествуд', 1, 'Nantwich', 'c64a65.png', '1990-04-01', NULL, 15, 'полузащитник', NULL, 'правая', 0, 0, NULL, NULL),
(186, 'Fabian Delph', 'Фабиан Делф', 1, 'Bradford', 'caf06a.png', '1989-11-21', NULL, 16, 'полузащитник', NULL, 'левая', 0, 0, 6000000, NULL),
(187, 'Chris Herd', 'Крис Херд', 10, 'Perth', '0ce31a.png', '1989-04-04', NULL, 17, 'полузащитник', NULL, 'правая', 0, 0, NULL, NULL),
(188, 'Kieran Richardson', 'Киран Ричардсон', 1, 'Greenwich', 'edf63b.png', '1984-10-21', NULL, 18, 'полузащитник', NULL, 'левая', 0, 0, NULL, NULL),
(189, 'Carlos Alberto Sánchez Moreno', 'Карлос Санчес', 24, 'Quibdó', 'd0a881.jpg', '1986-02-06', NULL, 24, 'полузащитник', NULL, 'правая', 0, 0, NULL, NULL),
(190, 'Charles N''Zogbia', 'Шарль Н''Зогбия', 4, 'Harfleur', 'deeb1d.jpg', '1986-05-28', NULL, 28, 'полузащитник', NULL, '0', 0, 0, 3000000, NULL),
(191, 'Jack Grealish', 'J. Grealish', 0, 'Birmingham', '89f5d5.png', '1995-09-10', NULL, 40, 'полузащитник', NULL, 'правая', 0, 0, NULL, NULL),
(192, 'Andreas Weimann', 'Андреас Вайман', 0, 'Wien', 'be248d.jpg', '1991-08-05', NULL, 10, 'нападающий', NULL, 'правая', 0, 0, 4000000, NULL),
(193, 'Gabriel Imuetinyan Agbonlahor', 'Габриэль Агбонлахор', 1, 'Erdington', '5938be.jpg', '1986-10-13', NULL, 11, 'нападающий', NULL, 'правая', 0, 0, 4500000, NULL),
(194, 'Christian Benteke Liolo', 'Кристиан Бентеке', 9, 'Kinshasa', 'c3f492.jpg', '1990-12-03', NULL, 20, 'нападающий', NULL, 'правая', 0, 0, 15000000, NULL),
(195, 'Libor Kozák', 'Либор Козак', 0, 'Brumov-Bylnice', '95ae59.png', '1989-05-30', NULL, 27, 'нападающий', NULL, 'правая', 0, 0, 5000000, NULL),
(196, 'Graham Burke', 'Грэхам Бурке', 0, 'Dublin', 'd7a7c5.png', '1993-09-21', NULL, 38, 'нападающий', NULL, 'левая', 0, 0, NULL, NULL),
(197, 'Darren Bent', 'Даррен Бент', 1, 'London', '21b29b.png', '1984-02-06', NULL, 39, 'нападающий', NULL, 'правая', 0, 0, 3500000, NULL),
(198, 'Allan McGregor', 'Аллан Макгрегор', 17, 'Edinburgh', '9478a8.jpg', '1982-01-31', NULL, 1, 'вратарь', NULL, 'правая', 0, 0, NULL, NULL),
(199, 'Eldin Jakupovic', 'Элдин Якупович', 30, 'Kozarac', 'ad4879.png', '1984-10-02', NULL, 16, 'вратарь', NULL, 'правая', 0, 0, 500000, NULL),
(200, 'Steve Harper', 'Стивен Харпер', 0, 'Easington', '516b48.jpg', '1975-03-14', NULL, 22, 'вратарь', NULL, '0', 0, 0, NULL, NULL),
(201, 'Liam Rosenior', 'Лаим Росеньор', 1, 'London', '0b4515.png', '1984-07-09', NULL, 2, 'защитник', NULL, 'правая', 0, 0, NULL, NULL),
(202, 'Alex Bruce', 'Алекс Брюс', 46, 'Norwich', 'c41e99.png', '1984-09-28', NULL, 4, 'защитник', NULL, 'правая', 0, 0, NULL, NULL),
(203, 'James Chester', 'Джеймс Честер', 2, 'Warrington', 'ca6ca9.png', '1989-01-23', NULL, 5, 'защитник', NULL, 'правая', 0, 0, NULL, NULL),
(204, 'Curtis Davies', 'Кертис Дэвис', 1, 'London', 'dd37e8.png', '1985-03-15', NULL, 6, 'защитник', NULL, 'правая', 0, 0, NULL, NULL),
(205, 'Paul McShane', 'Пол Макшейн', 18, 'Kilpeddar', '483d6c.png', '1986-01-06', NULL, 15, 'защитник', NULL, 'правая', 0, 0, NULL, NULL),
(206, 'Michael Dawson', 'Майкл Доусон', 1, 'Northallerton', '918d13.png', '1983-11-18', NULL, 21, 'защитник', NULL, 'правая', 0, 0, 5000000, NULL),
(207, 'Rory Watson', 'R. Watson', 1, '', 'c60208.jpg', '0000-00-00', NULL, 0, '0', NULL, '0', 0, 0, NULL, NULL),
(208, 'Andrew Robertson', 'A. Robertson', 17, 'Glasgow', '931466.png', '1994-03-11', NULL, 26, '0', NULL, 'левая', 0, 0, 3500000, NULL),
(209, 'David Meyler', 'Дэвид Мейлер', 18, 'Cork', '0bec12.png', '1989-05-29', NULL, 7, 'полузащитник', NULL, 'правая', 0, 0, NULL, NULL),
(210, 'Tom Huddlestone', 'Том Хаддлстоун', 1, 'Sneinton', 'fd136b.png', '1986-12-28', NULL, 8, 'полузащитник', NULL, 'обе (сильная правая)', 0, 0, 6000000, NULL),
(211, 'Robert Snodgrass', 'Роберт Снодграсс', 17, 'Glasgow', '7ba8a5.png', '1987-09-07', NULL, 10, 'полузащитник', NULL, 'левая', 0, 0, 7000000, NULL),
(212, 'Harry Maguire', 'H. Maguire', 1, 'Sheffield', 'afa1fc.jpg', '1992-03-05', NULL, 12, 'полузащитник', NULL, '0', 0, 0, NULL, NULL),
(213, 'Jake Livermore', 'Джейк Ливермор', 1, 'London', 'be16da.png', '1989-11-14', NULL, 14, 'полузащитник', NULL, 'правая', 0, 0, 7000000, NULL),
(214, 'Mohamed Diamé', 'Мохамед Диаме', 38, 'Créteil', 'e56351.png', '1987-06-14', NULL, 17, 'полузащитник', NULL, 'правая', 0, 0, 6000000, NULL),
(215, 'Omatsone Aluko', 'Соне Алуко', 0, 'London', 'e131b9.png', '1989-02-19', NULL, 24, 'полузащитник', NULL, 'левая', 0, 0, 3500000, NULL),
(216, 'Gastón Exequiel Ramírez Pereyra', 'Гастон Рамирес', 33, 'Fray Bentos', '250f1c.jpg', '1990-12-02', NULL, 25, 'полузащитник', NULL, 'левая', 0, 0, 7500000, NULL),
(217, 'Ahmed Eissa El Mohamady Abdel Fattah', 'Ахмед аль-Мухаммади', 0, 'Basyoun', '43010b.png', '1987-09-09', NULL, 27, 'полузащитник', NULL, 'правая', 0, 0, NULL, NULL),
(218, 'Stephen Quinn', 'Стивен Куинн', 18, 'Clondalkin', '263615.jpg', '1986-04-01', NULL, 29, 'полузащитник', NULL, 'левая', 0, 0, NULL, NULL),
(219, 'Hatem Ben Arfa', 'Хатем Бен Арфа', 4, 'Clamart', '3224d0.jpg', '1987-03-07', NULL, 34, 'полузащитник', NULL, 'левая', 0, 0, 9000000, NULL),
(220, 'Abel Mathías Hernández Platero', 'Абель Эрнандес', 33, 'Pando', 'a06719.jpg', '1990-08-08', NULL, 9, 'нападающий', NULL, 'левая', 0, 0, 8000000, NULL),
(221, 'Nikica Jelavic', 'Никица Елавич', 8, 'Capljina', '358fe1.png', '1985-08-27', NULL, 18, 'нападающий', NULL, 'правая', 0, 0, 6500000, NULL),
(222, 'Costel Fane Pantilimon', 'Костел Пантилимон', 47, 'Bacau', 'd10f0f.jpg', '1987-02-01', NULL, 1, 'вратарь', NULL, 'правая', 0, 0, 2000000, NULL),
(223, 'Vito Mannone', 'Вито Манноне', 5, 'Desio', '553b4d.png', '1988-03-02', NULL, 25, 'вратарь', NULL, 'правая', 0, 0, 3500000, NULL),
(224, 'Billy Jones', 'Билли Джонс', 1, 'Shrewsbury', 'ec447d.png', '1987-03-24', NULL, 2, 'защитник', NULL, 'правая', 0, 0, NULL, NULL),
(225, 'Patrick van Aanholt', 'Патрик ван Анхолт', 29, '''s-Hertogenbosch', 'c0703b.png', '1990-08-29', NULL, 3, 'защитник', NULL, 'левая', 0, 0, 3000000, NULL),
(226, 'Wes Brown', 'Уэс Браун', 1, 'Longsight', 'cadb29.png', '1979-10-13', NULL, 5, 'защитник', NULL, 'правая', 0, 0, 500000, NULL),
(227, 'Anthony Réveillère', 'Антони Ревейер', 4, 'Doué-la-Fontaine', '9b8bb3.png', '1979-11-10', NULL, 15, 'защитник', NULL, 'правая', 0, 0, 300000, NULL),
(228, 'John O''Shea', 'Джон О''Ши', 18, 'Waterford', '2a2651.jpg', '1981-04-30', NULL, 16, 'защитник', NULL, 'правая', 0, 0, 1500000, NULL),
(229, 'Sebastián Coates Nión', 'Себастьян Коатес', 33, 'Montevideo', '6c8a64.jpg', '1990-10-07', NULL, 22, 'защитник', NULL, 'правая', 0, 0, 2500000, NULL),
(230, 'Santiago Vergini', 'Сантьяго Вергини', 23, 'Máximo Paz', 'be9137.png', '1988-08-03', NULL, 27, 'защитник', NULL, 'правая', 0, 0, 1000000, NULL),
(231, 'Duncan Watmore', 'D. Watmore', 1, '', '2f80b3.png', '1994-03-08', NULL, 41, '0', NULL, 'правая', 0, 0, NULL, NULL),
(232, 'Adilson Tavares Varela', 'Cabral', 30, 'Praia', 'b0d7f1.png', '1988-10-22', NULL, 0, 'полузащитник', NULL, 'правая', 0, 0, 1000000, NULL),
(233, 'Liam Bridcutt', 'Лиам Бридкатт', 17, 'Reading', '17c276.png', '1989-05-08', NULL, 4, 'полузащитник', NULL, 'правая', 0, 0, NULL, NULL),
(234, 'Lee Cattermole', 'Ли Каттермол', 1, 'Stockton-on-Tees', 'a27eb8.png', '1988-03-21', NULL, 6, 'полузащитник', NULL, 'правая', 0, 0, NULL, NULL),
(235, 'Sebastian Larsson', 'Себастиан Ларссон', 22, 'Eskilstuna', 'f576e7.png', '1985-06-06', NULL, 7, 'полузащитник', NULL, 'правая', 0, 0, 4000000, NULL),
(236, 'Jack Rodwell', 'Джек Родуэлл', 1, 'Birkdale', '207c72.png', '1991-03-11', NULL, 8, 'полузащитник', NULL, 'правая', 0, 0, 10000000, NULL),
(237, 'Adam Johnson', 'Адам Джонсон', 1, 'Sunderland', '359665.png', '1987-07-14', NULL, 11, 'полузащитник', NULL, 'левая', 0, 0, 7500000, NULL),
(238, 'Jordi Gómez García-Penche', 'Jordi Gómez', 3, 'Barcelona', '527c52.png', '1985-05-24', NULL, 14, 'полузащитник', NULL, 'левая', 0, 0, 2500000, NULL),
(239, 'Charalampos Mavrias', 'Харалампос Маривас', 50, 'Zakynthos', '65b5e3.jpg', '1994-02-21', NULL, 18, 'полузащитник', NULL, 'правая', 0, 0, 1500000, NULL),
(240, 'Ricardo Gabriel Álvarez', 'Рикардо Альварес', 23, 'Buenos Aires', 'f9200a.png', '1988-04-12', NULL, 20, 'полузащитник', NULL, 'левая', 0, 0, 14500000, NULL),
(241, 'Emanuele Giaccherini', 'Эмануэле Джаккерини', 5, 'Bibbiena', '35c8f3.png', '1985-05-05', NULL, 23, 'полузащитник', NULL, 'обе (сильная правая)', 0, 0, 7000000, NULL),
(242, 'Will Buckley', 'Виллиам Бакли', 1, 'Oldham', '093384.png', '1989-11-21', NULL, 30, 'полузащитник', NULL, 'правая', 0, 0, NULL, NULL),
(243, 'Steven Fletcher', 'Стивен Флетчер', 17, 'Shrewsbury', '84bc9d.png', '1987-03-26', NULL, 9, 'нападающий', NULL, 'левая', 0, 0, NULL, NULL),
(244, 'Connor Wickham', 'Коннор Уикем', 1, 'Hereford', '2a6134.png', '1993-03-31', NULL, 10, 'нападающий', NULL, 'правая', 0, 0, 5000000, NULL),
(245, 'Jozy Altidore', 'Джози Алтидор', 19, 'Livingston', '078e90.png', '1989-11-06', NULL, 17, 'нападающий', NULL, 'правая', 0, 0, 3500000, NULL),
(246, 'Danny Graham', 'Дэнни Грэм', 1, 'Gateshead', '6fa587.png', '1985-08-12', NULL, 19, 'нападающий', NULL, 'правая', 0, 0, 2000000, NULL),
(247, 'Ben Foster', 'Бен Фостер', 1, 'Leamington Spa', 'd60e65.png', '1983-04-03', NULL, 1, 'вратарь', NULL, 'левая', 0, 0, 4000000, NULL),
(248, 'Glyn Oliver Myhill', 'Боаз Майхилл', 2, 'Modesto', 'd94432.jpg', '1982-11-09', NULL, 13, 'вратарь', NULL, '0', 0, 0, NULL, NULL),
(249, 'Luke Daniels', 'Люк Дэниелс', 1, 'Bolton', 'b02b66.png', '1988-01-05', NULL, 19, 'вратарь', NULL, 'правая', 0, 0, NULL, NULL),
(250, 'Andre Wisdom', 'Андре Уиздом', 1, 'Leeds', 'f47648.png', '1993-05-09', NULL, 2, 'защитник', NULL, 'правая', 0, 0, 4000000, NULL),
(251, 'Jonas Olsson', 'Юнас Ульссон', 22, 'Landskrona', 'd6d065.png', '1983-03-10', NULL, 3, 'защитник', NULL, 'левая', 0, 0, NULL, NULL),
(252, 'Chris Baird', 'Крис Бейрд', 46, 'Rasharkin', '0bd6f5.jpg', '1982-02-25', NULL, 4, 'защитник', NULL, 'правая', 0, 0, NULL, NULL),
(253, 'Joleon Lescott', 'Джолеон Лескотт', 1, 'Birmingham', '5ed6cd.png', '1982-08-16', NULL, 6, 'защитник', NULL, 'левая', 0, 0, 5000000, NULL),
(254, 'Jason Davidson', 'J. Davidson', 10, 'Melbourne', 'd503cf.png', '1991-06-29', NULL, 14, 'защитник', NULL, 'левая', 0, 0, 750000, NULL),
(255, 'Sébastien Pocognoli', 'Себастьян Поконьоли', 9, 'Liège', '164178.png', '1987-08-01', NULL, 15, 'защитник', NULL, 'левая', 0, 0, 1500000, NULL),
(256, 'Cristian Gamboa Luna', 'Кристиан Гамбоа', 0, 'Liberia', '8c4143.png', '1989-10-24', NULL, 16, 'защитник', NULL, 'правая', 0, 0, 2000000, NULL),
(257, 'Gareth McAuley', 'Гарет Маколей', 46, 'Larne', '1eac97.png', '1979-12-05', NULL, 23, 'защитник', NULL, 'правая', 0, 0, NULL, NULL),
(258, 'Craig Dawson', 'Крейг Доусон', 1, 'Rochdale', '0f96cf.png', '1990-05-06', NULL, 25, 'защитник', NULL, 'левая', 0, 0, NULL, NULL),
(259, 'Liam O''Neil', 'L. O''Neil', 1, 'Cambridge', '468990.jpg', '1993-07-31', NULL, 20, '0', NULL, '0', 0, 0, NULL, NULL),
(260, 'Claudio Ariel Yacob', 'Клаудио Якоб', 23, 'Carcarañá', 'd31d1d.jpg', '1987-07-18', NULL, 5, 'полузащитник', NULL, 'правая', 0, 0, NULL, NULL),
(261, 'James Morrison', 'Джеймс Моррисон', 17, 'Darlington', 'd24037.png', '1986-05-25', NULL, 7, 'полузащитник', NULL, 'обе (сильная правая)', 0, 0, NULL, NULL),
(262, 'Craig Gardner', 'Крейг Гарднер', 1, 'Solihull', 'cdece9.png', '1986-11-25', NULL, 8, 'полузащитник', NULL, 'правая', 0, 0, NULL, NULL),
(263, 'Chris Brunt', 'Крис Брант', 46, 'Belfast', 'bc583b.png', '1984-12-14', NULL, 11, 'полузащитник', NULL, 'левая', 0, 0, 4000000, NULL),
(264, 'Graham Dorrans', 'Грэм Дорранс', 17, 'Glasgow', '0b2ba6.png', '1987-05-05', NULL, 17, 'полузащитник', NULL, 'правая', 0, 0, NULL, NULL),
(265, 'Youssouf Chafiq Mulumbu Ngangu', 'Юссуф Мулумбу', 0, 'Kinshasa', 'ae180d.jpg', '1987-01-25', NULL, 21, 'полузащитник', NULL, 'правая', 0, 0, NULL, NULL),
(266, 'Sebastián Marcelo Blanco', 'Себастьян Бланко', 23, 'Lomas de Zamora', '2b1c8a.jpg', '1988-03-15', NULL, 28, 'полузащитник', NULL, 'обе', 0, 0, NULL, NULL),
(267, 'Stéphane Sessègnon', 'Стефан Сессеньон', 49, 'Allahé', 'db4017.png', '1984-06-01', NULL, 29, 'полузащитник', NULL, 'правая', 0, 0, NULL, NULL),
(268, 'Brown Ideye Aide', 'Браун Идейе', 0, 'Yenagoa', '4f7363.jpg', '1988-10-10', NULL, 9, 'нападающий', NULL, 'правая', 0, 0, NULL, NULL),
(269, 'Victor Chinedu Anichebe', 'Виктор Аничебе', 0, 'Lagos', '0a0c31.jpg', '1988-04-23', NULL, 10, 'нападающий', NULL, 'правая', 0, 0, NULL, NULL),
(270, 'Saido Berahino', 'Саидо Бераино', 0, 'Bujumbura', '5437cd.png', '1993-08-04', NULL, 18, 'нападающий', NULL, 'правая', 0, 0, NULL, NULL),
(271, 'Silvestre Manuel Gonçalves Varela', 'Силвестре Варела', 39, 'Almada', '1fb494.png', '1985-02-02', NULL, 27, 'нападающий', NULL, 'правая', 0, 0, 7500000, NULL),
(272, 'Georgios Samaras', 'Йоргос Самарас', 50, 'Heraklion', '776c9f.png', '1985-02-21', NULL, 30, 'нападающий', NULL, 'правая', 0, 0, 3000000, NULL),
(273, 'Adil Nabi', 'Адиль Наби', 1, '', 'be00df.jpg', '1994-02-28', NULL, 36, 'нападающий', NULL, '0', 0, 0, NULL, NULL),
(274, 'Hugo Lloris', 'Уго Льорис', 4, 'Nice', 'e0cea3.png', '1986-12-26', NULL, 1, 'вратарь', NULL, 'левая', 0, 0, 16000000, NULL),
(275, 'Michel Vorm', 'Мишел Ворм', 29, 'Nieuwegein', 'a792d2.png', '1983-10-20', NULL, 13, 'вратарь', NULL, 'правая', 0, 0, NULL, NULL),
(276, 'Brad Friedel', 'Брэд Фридель', 19, 'Lakewood', 'ff12ff.png', '1971-05-18', NULL, 24, 'вратарь', NULL, 'правая', 0, 0, 1000000, NULL),
(277, 'Kyle Walker', 'Кайл Уокер', 1, 'Sheffield', 'c079a2.png', '1990-05-28', NULL, 2, 'защитник', NULL, 'правая', 0, 0, 17000000, NULL),
(278, 'Younes Kaboul', 'Юнес Кабул', 4, 'Saint-Julien-en-Genevois', 'ba599d.png', '1986-01-04', NULL, 4, 'защитник', NULL, 'правая', 0, 0, 6500000, NULL),
(279, 'Jan Vertonghen', 'Ян Вертонген', 9, 'Sint-Niklaas', '541449.png', '1987-04-24', NULL, 5, 'защитник', NULL, 'левая', 0, 0, 19000000, NULL),
(280, 'Vlad Iulian Chiriches', 'Влад Кирикеш', 47, 'Bacau', 'c704a1.png', '1989-11-14', NULL, 6, 'защитник', NULL, 'обе (сильная правая)', 0, 0, 11000000, NULL),
(281, 'Eric Dier', 'Эрик Дьер', 1, 'Wimbledon', '17c7e2.png', '1994-01-15', NULL, 15, 'защитник', NULL, 'правая', 0, 0, 5000000, NULL),
(282, 'Kyle Naughton', 'Кайл Наутон', 1, 'Sheffield', 'b208eb.png', '1988-11-11', NULL, 16, 'защитник', NULL, 'обе (сильная правая)', 0, 0, 5000000, NULL),
(283, 'Federico Julián Fazio', 'Федерико Фасио', 23, 'Buenos Aires', 'e4317d.jpg', '1987-03-17', NULL, 21, 'защитник', NULL, '0', 0, 0, 8000000, NULL),
(284, 'Benjamin Stambouli', 'Бенжамен Стамбули', 4, 'Marseille', '1795c0.png', '1990-08-13', NULL, 25, 'защитник', NULL, 'правая', 0, 0, 5000000, NULL),
(285, 'Benoît Assou-Ekotto', 'Бенуа Ассу-Экото', 43, 'Arras', 'aed5a5.png', '1984-03-24', NULL, 32, 'защитник', NULL, 'левая', 0, 0, 3000000, NULL),
(286, 'Ben Davies', 'Бэн Дэвис', 2, 'Neath', 'f1304f.png', '1993-04-24', NULL, 33, 'защитник', NULL, 'правая', 0, 0, NULL, NULL),
(287, 'Danny Rose', 'Дэнни Роуз', 1, 'Doncaster', 'b4e2cc.png', '1990-07-02', NULL, 3, 'полузащитник', NULL, 'левая', 0, 0, 8000000, NULL),
(288, 'Aaron Lennon', 'Аарон Леннон', 1, 'Chapeltown', '76c154.png', '1987-04-16', NULL, 7, 'полузащитник', NULL, 'правая', 0, 0, 12000000, NULL),
(289, 'José Paulo Bezzera Maciel Júnior', 'Паулиньо', 12, 'São Paulo', '660b4f.png', '1988-07-25', NULL, 8, 'полузащитник', NULL, 'правая', 0, 0, 16000000, NULL),
(290, 'Andros Townsend', 'Андрос Таунсенд', 1, 'London', '5c14cf.png', '1991-07-16', NULL, 17, 'полузащитник', NULL, 'обе (сильная левая)', 0, 0, 8000000, NULL),
(291, 'Moussa Sidi Yaya Dembélé', 'Мусса Дембеле', 9, 'Wilrijk', '799a97.jpg', '1987-07-16', NULL, 19, 'полузащитник', NULL, 'левая', 0, 0, 17000000, NULL),
(292, 'Nacer Chadli', 'Насер Шадли', 9, 'Liège', 'ce1bef.png', '1989-08-02', NULL, 22, 'полузащитник', NULL, 'обе (сильная левая)', 0, 0, 6000000, NULL),
(293, 'Christian Dannemann Eriksen', 'Кристиан Эриксен', 0, 'Middelfart', '511059.jpg', '1992-02-14', NULL, 23, 'полузащитник', NULL, 'обе', 0, 0, 20000000, NULL),
(294, 'Etienne Capoue', 'Этьен Капу', 4, 'Niort', 'f94013.png', '1988-07-11', NULL, 29, 'полузащитник', NULL, 'правая', 0, 0, 9000000, NULL),
(295, 'Ryan Mason', 'Райан Мэйсон', 1, 'London', 'f1ec78.png', '1991-06-13', NULL, 38, 'полузащитник', NULL, 'правая', 0, 0, NULL, NULL),
(296, 'Nabil Bentaleb', 'Набиль Бенталеб', 0, 'Lille', '2b69ab.png', '1994-11-24', NULL, 42, 'полузащитник', NULL, 'левая', 0, 0, 3000000, NULL),
(297, 'Roberto Soldado Rillo', 'Роберто Сольдадо', 3, 'Valencia', '1b97bc.jpg', '1985-05-27', NULL, 9, 'нападающий', NULL, 'обе', 0, 0, 18000000, NULL);
INSERT INTO `tbl_soccer_player` (`id`, `name`, `rusname`, `country_id`, `city`, `photo_img`, `birth_day`, `wiki`, `number`, `pos`, `posmarket`, `workingleg`, `growth`, `weight`, `price`, `f_api_id`) VALUES
(298, 'Emmanuel Adebayor', 'Эммануэль Адебайор', 40, 'Lomé', 'e6eae8.png', '1984-02-26', NULL, 10, 'нападающий', NULL, 'правая', 0, 0, 9000000, NULL),
(299, 'Erik Lamela', 'Эрик Ламела', 23, 'Florida', '6f4ac2.png', '1992-03-04', NULL, 11, 'нападающий', NULL, 'левая', 0, 0, 24000000, NULL),
(300, 'Harry Kane', 'Гарри Кейн', 0, 'London', '8de110.jpg', '1993-07-28', NULL, 18, 'нападающий', NULL, '0', 0, 0, 3000000, NULL),
(301, 'Brad Jones', 'Брэд Джонс', 10, 'Armadale', '557db1.png', '1982-03-19', NULL, 1, 'вратарь', NULL, 'левая', 191, 76, 1000000, NULL),
(302, 'Simon Mignolet', 'Симон Миньоле', 9, 'Sint-Truiden', 'babc63.png', '1988-03-06', NULL, 22, 'вратарь', NULL, 'правая', 193, 87, 14000000, NULL),
(303, 'Glen Johnson', 'Глен Джонсон', 1, 'Greenwich', '7531d9.png', '1984-08-23', NULL, 2, 'защитник', NULL, 'обе (сильная правая)', 182, 70, 10000000, NULL),
(304, 'José Enrique de la Sánchez Diaz', 'Хосе Энрике', 3, 'Valencia', 'eef42a.png', '1986-01-23', NULL, 3, 'защитник', NULL, 'левая', 184, 80, NULL, NULL),
(305, 'Kolo Habib Touré', 'Коло Туре', 0, 'Bouaké', '0d2aed.jpg', '1981-03-19', NULL, 4, 'защитник', NULL, 'правая', 180, 74, NULL, NULL),
(306, 'Dejan Lovren', 'Деян Ловрен', 8, 'Zenica', '455052.png', '1989-07-05', NULL, 6, 'защитник', NULL, 'правая', 188, 84, 20000000, NULL),
(307, 'Mamadou Sakho', 'Мамаду Сако', 4, 'Paris', 'be439d.png', '1990-02-13', NULL, 17, 'защитник', NULL, 'левая', 187, 83, 18000000, NULL),
(308, 'Alberto Moreno Pérez', 'Альберто Морено', 0, 'Sevilla', '6636cd.jpg', '1992-07-05', NULL, 18, 'защитник', NULL, 'левая', 171, 65, 15000000, NULL),
(309, 'Javier Manquillo Gaitán', 'Хавьер Манкильо', 0, 'Madrid', '8bee83.png', '1994-05-05', NULL, 19, 'защитник', NULL, 'правая', 180, 76, 6000000, NULL),
(310, 'Martin Skrtel', 'Мартин Шкртел', 7, 'Handlova', '3ba0a7.png', '1984-12-15', NULL, 37, 'защитник', NULL, 'правая', 191, 81, 14000000, NULL),
(311, 'Jon Flanagan', 'Джон Флэнаган', 1, 'Liverpool', 'b19e6a.png', '1993-01-01', NULL, 38, 'защитник', NULL, 'правая', 180, NULL, 8000000, NULL),
(312, 'Ryan McLaughlin', 'R. McLaughlin', 46, '', 'fdbd9d.png', '1994-09-30', NULL, 43, 'защитник', NULL, 'правая', 0, 0, NULL, NULL),
(313, 'Jordan Williams', 'J. Williams', 0, '', 'd805ca.png', '1995-11-06', NULL, 49, 'защитник', NULL, 'правая', 0, 0, NULL, NULL),
(314, 'Lloyd Jones', 'L. Jones', 1, '', '1842b0.png', '1995-10-07', NULL, 51, 'защитник', NULL, 'правая', 0, 0, NULL, NULL),
(315, 'Kevin Stewart', 'Кевин Стюарт', 1, 'London', 'cbdd40.png', '1993-09-07', NULL, 55, 'защитник', NULL, 'левая', 0, 0, NULL, NULL),
(316, 'Steven Gerrard', 'Стивен Джеррард', 1, 'Whiston', 'bf8187.png', '1980-05-30', NULL, 8, 'полузащитник', NULL, 'правая', 183, 83, 6000000, NULL),
(317, 'Philippe Coutinho Correia', 'Филиппе Коутиньо', 12, 'Rio de Janeiro', 'ac1a82.jpg', '1992-06-12', NULL, 10, 'полузащитник', NULL, 'правая', 171, 72, 20000000, NULL),
(318, 'Jordan Henderson', 'Джордан Хендерсон', 1, 'Sunderland', '54ed1d.png', '1990-06-17', NULL, 14, 'полузащитник', NULL, 'правая', 182, 67, 18000000, NULL),
(319, 'Adam Lallana', 'Адам Лаллана', 1, 'St. Albans', '61377d.png', '1988-05-10', NULL, 20, 'полузащитник', NULL, 'обе (сильная правая)', 173, 72, 22000000, NULL),
(320, 'Lucas Pezzini-Leiva', 'Лукас Лейва', 12, 'Dourados', '7d10b1.png', '1987-01-09', NULL, 21, 'полузащитник', NULL, 'правая', 179, 73, NULL, NULL),
(321, 'Emre Can', 'Эмре Чан', 0, 'Frankfurt am Main', 'fcd3d8.png', '1994-01-12', NULL, 23, 'полузащитник', NULL, 'правая', 184, 82, 12000000, NULL),
(322, 'Joe Allen', 'Джо Аллен', 2, 'Carmarthen', '432ebc.png', '1990-03-14', NULL, 24, 'полузащитник', NULL, 'правая', 168, 62, 12000000, NULL),
(323, 'Jesús Joaquín Fernández Sáez de la Torre', 'Сусо', 3, 'Cádiz', '9ff1a1.png', '1993-11-19', NULL, 30, 'полузащитник', NULL, 'правая', 178, 72, 6000000, NULL),
(324, 'Raheem Shaquille Sterling', 'Рахим Стерлинг', 0, 'Kingston', 'd02886.png', '1994-12-08', NULL, 31, 'полузащитник', NULL, 'правая', 170, NULL, 20000000, NULL),
(325, 'Adam Phillips', 'A. Phillips', 1, 'Garstang', '2a630e.jpg', '1998-01-15', NULL, 45, 'полузащитник', NULL, '0', 0, 0, NULL, NULL),
(326, 'Jordan Rossiter', 'Джордан Росситер', 0, '', '65263d.png', '1997-03-24', NULL, 46, 'полузащитник', NULL, 'правая', 0, 0, NULL, NULL),
(327, 'Rickie Lambert', 'Рики Ламберт', 1, 'Liverpool', 'c104e6.png', '1982-02-16', NULL, 9, 'нападающий', NULL, 'правая', 188, 76, 5000000, NULL),
(328, 'Daniel Sturridge', 'Даниел Старридж', 1, 'Birmingham', '938095.png', '1989-09-01', NULL, 15, 'нападающий', NULL, 'левая', 188, 76, 25000000, NULL),
(329, 'Fabio Borini', 'Фабио Борини', 5, 'Bentivoglio', 'd20050.jpg', '1991-03-29', NULL, 29, 'нападающий', NULL, 'правая', 180, 73, 8500000, NULL),
(330, 'Samed Yesil', 'Самед Ешиль', 6, 'Düsseldorf', '469c86.png', '1994-05-25', NULL, 36, 'нападающий', NULL, 'правая', 180, 72, 1300000, NULL),
(331, 'Mario Barwuah Balotelli', 'Марио Балотелли', 5, 'Palermo', '87ea59.png', '1990-08-12', NULL, 45, 'нападающий', NULL, 'правая', 189, 88, 25000000, NULL),
(332, 'Jerome Sinclair', 'Жером Синклер', 1, 'Birmingham', '65b6c9.png', '1996-09-20', NULL, 48, 'нападающий', NULL, 'правая', 0, 0, NULL, NULL),
(333, 'Lazar Markovic', 'Лазар Маркович', 0, 'Cacak', '76a2b4.png', '1994-03-02', NULL, 50, 'нападающий', NULL, 'правая', 175, NULL, 20000000, NULL),
(334, 'Joel Robles Blázquez', 'Хоэль Роблес', 3, 'Madrid', '868c43.png', '1990-06-17', NULL, 1, 'вратарь', NULL, 'правая', 195, NULL, NULL, NULL),
(335, 'Tim Howard', 'Тим Ховард', 19, 'North Brunswick', 'dec3f5.png', '1979-03-06', NULL, 24, 'вратарь', NULL, 'правая', 191, 88, 2000000, NULL),
(336, 'Tony Hibbert', 'Тони Хибберт', 1, 'Liverpool', '681e7b.png', '1981-02-20', NULL, 2, 'защитник', NULL, 'правая', 173, 70, NULL, NULL),
(337, 'Leighton Baines', 'Лейтон Бенс', 1, 'Kirkby', '1fca6e.png', '1984-12-11', NULL, 3, 'защитник', NULL, 'левая', 170, 70, 19000000, NULL),
(338, 'Phil Jagielka', 'Фил Джагелка', 1, 'Sale', 'f07c7f.png', '1982-08-17', NULL, 6, 'защитник', NULL, 'правая', 180, 87, 6000000, NULL),
(339, 'Bryan Oviedo', 'Брайан Овьедо', 0, 'San José', 'f1d387.png', '1990-02-18', NULL, 8, 'защитник', NULL, 'левая', 172, 70, 4500000, NULL),
(340, 'Sylvain Distin', 'Сильвен Дистен', 4, 'Bagnolet', '717f66.png', '1977-12-16', NULL, 15, 'защитник', NULL, 'левая', 192, 85, 1000000, NULL),
(341, 'Muhamed Besic', 'Мухамед Бешич', 0, 'Berlin', '96f7e5.png', '1992-09-10', NULL, 17, 'защитник', NULL, 'правая', 177, 75, 4000000, NULL),
(342, 'Séamus Coleman', 'Шеймус Коулман', 18, 'Donegal', '532d42.jpg', '1988-10-11', NULL, 23, 'защитник', NULL, 'правая', 178, 67, 13000000, NULL),
(343, 'John Stones', 'Джон Стоунс', 1, 'Barnsley', '7a781d.png', '1994-05-28', NULL, 26, 'защитник', NULL, 'правая', 188, NULL, 7000000, NULL),
(344, 'Tyias Browning', 'Тиас Браунинг', 1, 'Liverpool', 'ca675f.jpg', '1994-05-27', NULL, 27, 'защитник', NULL, '0', 0, 0, NULL, NULL),
(345, 'Luke Garbutt', 'Люк Гарбатт', 1, 'Harrogate', 'e78e17.png', '1993-05-21', NULL, 29, 'защитник', NULL, 'левая', 180, NULL, NULL, NULL),
(346, 'Antolín Alcáraz Viveros', 'Антолин Алькарас', 0, 'San Roque González de Santacruz', '5271bc.png', '1982-07-30', NULL, 30, 'защитник', NULL, 'правая', 187, 78, 2000000, NULL),
(347, 'Matthew Pennington', 'M. Pennington', 1, 'Warrington', '6272ef.jpg', '1994-10-06', NULL, 38, 'защитник', NULL, '0', 185, NULL, NULL, NULL),
(348, 'Ryan Ledson', 'R. Ledson', 1, 'Liverpool', '3b0064.png', '1997-08-19', NULL, 46, '0', NULL, 'правая', 0, 0, NULL, NULL),
(349, 'Darron Gibson', 'Даррон Гибсон', 18, 'Derry', '4a13e7.png', '1987-10-25', NULL, 4, 'полузащитник', NULL, 'правая', 183, 90, NULL, NULL),
(350, 'Aiden McGeady', 'Эйден Макгиди', 18, 'Glasgow', 'c53244.png', '1986-04-04', NULL, 7, 'полузащитник', NULL, 'правая', 178, 72, 4500000, NULL),
(351, 'James McCarthy', 'Джеймс Маккарти', 18, 'Glasgow', 'bf4685.png', '1990-11-12', NULL, 16, 'полузащитник', NULL, 'правая', 180, 72, 13000000, NULL),
(352, 'Gareth Barry', 'Гарет Барри', 1, 'Hastings', 'aaaa86.png', '1981-02-23', NULL, 18, 'полузащитник', NULL, 'левая', 183, 78, 3500000, NULL),
(353, 'Ross Barkley', 'Росс Баркли', 1, 'Liverpool', 'f37293.png', '1993-12-05', NULL, 20, 'полузащитник', NULL, 'обе (сильная правая)', 189, NULL, 15000000, NULL),
(354, 'Leon Osman', 'Леон Осман', 1, 'Billinge', 'dda5fc.png', '1981-05-17', NULL, 21, 'полузащитник', NULL, 'правая', 174, 63, 2000000, NULL),
(355, 'Steven Pienaar', 'Стивен Пинар', 0, 'Westbury', '96c414.png', '1982-03-17', NULL, 22, 'полузащитник', NULL, 'правая', 170, 71, 3000000, NULL),
(356, 'Brendon Galloway', 'B. Galloway', 1, '', '379228.png', '1996-03-17', NULL, 32, 'полузащитник', NULL, 'левая', 0, 0, NULL, NULL),
(357, 'Conor Grant', 'C. Grant', 1, 'Liverpool', '422ca4.png', '1995-04-18', NULL, 39, 'полузащитник', NULL, 'левая', 0, 0, NULL, NULL),
(358, 'Samuel Eto''o Fils', 'Самюэль Это''о', 43, 'N''kon', '72bb01.png', '1981-03-10', NULL, 5, 'нападающий', NULL, 'правая', 180, 75, 7000000, NULL),
(359, 'Arouna Koné', 'A. Koné', 0, 'Anyama', '59a4ee.png', '1983-11-11', NULL, 9, 'нападающий', NULL, 'правая', 181, 81, 2000000, NULL),
(360, 'Romelu Menama Lukaku', 'Ромелу Лукаку', 9, 'Antwerpen', '640cca.png', '1993-05-13', NULL, 10, 'нападающий', NULL, 'левая', 191, 94, 30000000, NULL),
(361, 'Kevin Mirallas', 'Кевин Миральяс', 9, 'Liège', 'bd0e08.png', '1987-10-05', NULL, 11, 'нападающий', NULL, 'правая', 178, 72, 12000000, NULL),
(362, 'Steven Naismith', 'Стивен Нейсмит', 17, 'Irvine', 'bc92ae.png', '1986-09-14', NULL, 14, 'нападающий', NULL, 'правая', 178, 72, 4000000, NULL),
(363, 'Christian Twasam Atsu', 'Кристиан Атсу', 0, 'Ada Foah', 'b97d89.jpg', '1992-01-10', NULL, 19, 'нападающий', NULL, 'левая', 172, 68, 6000000, NULL),
(364, 'Conor McAleny', 'Конор Макэлени', 0, 'Liverpool', '50996b.png', '1992-08-12', NULL, 35, 'нападающий', NULL, 'правая', 0, 0, NULL, NULL),
(365, 'Chris Long', 'C. Long', 1, 'Liverpool', '364e3f.png', '1995-02-25', NULL, 41, 'нападающий', NULL, 'правая', 0, 0, NULL, NULL),
(366, 'Kelvin Davis', 'Келвин Дэвис', 1, 'Bedford', '493458.png', '1976-09-29', NULL, 1, 'вратарь', NULL, 'правая', 185, 77, NULL, NULL),
(367, 'Fraser Forster', 'Фрейзер Форстер', 1, 'Hexham', '06a9cc.png', '1988-03-17', NULL, 23, 'вратарь', NULL, 'правая', 201, NULL, 10000000, NULL),
(368, 'Paulo Gazzaniga', 'Пауло Гадзанига', 23, 'Murphy', '937ff0.png', '1992-01-02', NULL, 25, 'вратарь', NULL, 'правая', 196, NULL, NULL, NULL),
(369, 'Cody Cropper', 'C. Cropper', 19, 'Atlanta', 'c1137e.png', '1993-02-16', NULL, 41, 'вратарь', NULL, 'правая', 0, 0, NULL, NULL),
(370, 'Nathaniel Clyne', 'Натаниэль Клайн', 1, 'London', '5f72e0.png', '1991-04-05', NULL, 2, 'защитник', NULL, 'правая', 175, NULL, 7000000, NULL),
(371, 'Maya Yoshida', 'Мая Ёсида', 0, 'Nagasaki', 'c10289.png', '1988-08-24', NULL, 3, 'защитник', NULL, 'правая', 189, 78, 4500000, NULL),
(372, 'Florin Gardos', 'F. Gardos', 47, '', '016f65.png', '1988-10-29', NULL, 5, 'защитник', NULL, 'правая', 194, 81, 6000000, NULL),
(373, 'José Miguel da Rocha Fonte', 'Жозе Фонте', 39, 'Penafiel', 'd1aaa5.png', '1983-12-22', NULL, 6, 'защитник', NULL, 'правая', 187, 81, NULL, NULL),
(374, 'Toby Alderweireld', 'Тоби Алдервейрелд', 9, 'Wilrijk', 'cba0bd.png', '1989-03-02', NULL, 17, 'защитник', NULL, 'правая', 185, 75, 10000000, NULL),
(375, 'Ryan Bertrand', 'Райан Бертранд', 1, 'London', '69f6b5.png', '1989-08-05', NULL, 21, 'защитник', NULL, 'левая', 179, 85, 6000000, NULL),
(376, 'Jason McCarthy', 'J. McCarthy', 1, '', 'dab337.png', '1995-11-07', NULL, 32, 'защитник', NULL, 'правая', 0, 0, NULL, NULL),
(377, 'Matt Targett', 'M. Targett', 0, '', '011533.png', '1995-09-18', NULL, 33, 'защитник', NULL, 'левая', 0, 0, NULL, NULL),
(378, 'Morgan Schneiderlin', 'Морган Шнайдерлен', 4, 'Zellwiller', '309f5d.png', '1989-11-08', NULL, 4, 'полузащитник', NULL, 'правая', 181, 75, 20000000, NULL),
(379, 'Steven Davis', 'Стивен Дэвис', 46, 'Ballymena', '4b3cd4.png', '1985-01-01', NULL, 8, 'полузащитник', NULL, 'правая', 173, 70, 5500000, NULL),
(380, 'Sadio Mané', 'Садио Мане', 0, 'Sedhiou', 'a3193c.png', '1992-04-10', NULL, 10, 'полузащитник', NULL, 'обе (сильная левая)', 175, 9, 10000000, NULL),
(381, 'Victor Mugabe Wanyama', 'Виктор Ваньяма', 0, 'Nairobi', '9bb91f.jpg', '1991-06-25', NULL, 12, 'полузащитник', NULL, 'левая', 188, 76, NULL, NULL),
(382, 'James Ward-Prowse', 'Джеймс Уорд-Прауз', 0, 'Southampton', '68f8ec.png', '1994-11-01', NULL, 16, 'полузащитник', NULL, 'правая', 173, NULL, 5000000, NULL),
(383, 'Jack Cork', 'Джек Корк', 1, 'London', 'ce3e50.png', '1989-06-25', NULL, 18, 'полузащитник', NULL, 'правая', 183, 69, NULL, NULL),
(384, 'Lloyd Isgrove', 'Ллойд Исгров', 2, 'Yeovil', '9d1d45.png', '1993-01-12', NULL, 27, 'полузащитник', NULL, 'правая', 0, 0, NULL, NULL),
(385, 'Harrison Reed', 'H. Reed', 0, '', 'f47961.png', '1995-01-27', NULL, 28, 'полузащитник', NULL, 'правая', 0, 0, NULL, NULL),
(386, 'Sam McQueen', 'S. McQueen', 1, '', '6fa946.png', '1995-02-06', NULL, 38, 'полузащитник', NULL, 'правая', 0, 0, NULL, NULL),
(387, 'Shane Long', 'Шейн Лонг', 18, 'Gortnahoe', '431a5d.png', '1987-01-22', NULL, 7, 'нападающий', NULL, 'правая', 179, 81, 10000000, NULL),
(388, 'Jay Rodriguez', 'Джей Родригес', 1, 'Burnley', '238208.png', '1989-07-29', NULL, 9, 'нападающий', NULL, 'правая', 185, 70, 12500000, NULL),
(389, 'Dusan Tadic', 'Душан Тадич', 11, 'Backa Topola', 'fc54f3.png', '1988-11-20', NULL, 11, 'нападающий', NULL, 'обе (сильная левая)', 181, 76, 12000000, NULL),
(390, 'Graziano Pellè', 'Грациано Пелле', 5, 'San Cesario di Lecce', '4b7d33.png', '1985-07-15', NULL, 19, 'нападающий', NULL, 'правая', 193, 89, 8000000, NULL),
(391, 'Emmanuel Mayuka', 'Эммануэль Маюка', 0, 'Kabwe', '89dfd5.png', '1990-11-21', NULL, 24, 'нападающий', NULL, 'обе (сильная правая)', 178, 75, 2000000, NULL),
(392, 'Sam Gallagher', 'Сэм Галлагер', 0, 'Crediton', 'c82bea.png', '1995-09-15', NULL, 40, 'нападающий', NULL, 'правая', 190, NULL, 500000, NULL),
(393, 'Joe Hart', 'Джо Харт', 1, 'Shrewsbury', '0dc223.png', '1987-04-19', NULL, 1, 'вратарь', NULL, 'правая', 194, 83, 16000000, NULL),
(394, 'Wilfredo Daniel Caballero', 'Вильфредо Кабальеро', 23, 'Entre Ríos', '508e3f.jpg', '1981-09-28', NULL, 13, 'вратарь', NULL, '0', 185, 83, NULL, NULL),
(395, 'Richard Wright', 'Ричард Райт', 1, 'Ipswich', '316b56.png', '1977-11-05', NULL, 29, 'вратарь', NULL, 'правая', 188, 89, NULL, NULL),
(396, 'Bacary Sagna', 'Бакари Санья', 4, 'Sens', '034970.png', '1983-02-14', NULL, 3, 'защитник', NULL, 'правая', 176, 72, 10000000, NULL),
(397, 'Vincent Kompany', 'Венсан Компани', 9, 'Uccle', '1e1c1e.png', '1986-04-10', NULL, 4, 'защитник', NULL, 'правая', 191, 85, 33000000, NULL),
(398, 'Pablo Javier Zabaleta Girod', 'Пабло Сабалета', 23, 'Buenos Aires', 'b7a6c1.png', '1985-01-16', NULL, 5, 'защитник', NULL, 'правая', 176, 70, 19000000, NULL),
(399, 'Aleksandar Kolarov', 'Александар Коларов', 11, 'Beograd', '00497c.png', '1985-11-10', NULL, 11, 'защитник', NULL, 'левая', 187, 80, 12000000, NULL),
(400, 'Eliaquim Mangala', 'Эльяким Мангала', 4, 'Paris', '8bc059.png', '1991-02-13', NULL, 20, 'защитник', NULL, 'левая', 187, 74, 35000000, NULL),
(401, 'Gaël Clichy', 'Гаэль Клиши', 4, 'Toulouse', '53f730.png', '1985-07-26', NULL, 22, 'защитник', NULL, 'левая', 176, 63, 11000000, NULL),
(402, 'Martín Gastón Demichelis', 'Мартин Демичелис', 23, 'Justiniano Posse', '124579.png', '1980-12-20', NULL, 26, 'защитник', NULL, 'правая', 184, 78, 2000000, NULL),
(403, 'Matija Nastasic', 'Матия Настасич', 11, 'Valjevo', '0da18d.png', '1993-03-28', NULL, 33, 'защитник', NULL, 'левая', 187, NULL, 21000000, NULL),
(404, 'Anga Dedryck Boyata', 'Дедрик Бойата', 9, 'Brussels', 'ac7fa2.png', '1990-11-28', NULL, 38, 'защитник', NULL, 'правая', 188, NULL, 1500000, NULL),
(405, 'José Ángel Pozo la Rosa', 'José Ángel Pozo', 0, '', 'd033ed.jpg', '1996-03-15', NULL, 78, '0', NULL, '0', 0, 0, NULL, NULL),
(406, 'Fernando Francisco Reges', 'Фернандо', 12, 'Goiás', '6f3558.png', '1987-07-25', NULL, 6, 'полузащитник', NULL, 'левая', 183, 74, NULL, NULL),
(407, 'James Milner', 'Джеймс Милнер', 1, 'Wortley', '66a610.png', '1986-01-04', NULL, 7, 'полузащитник', NULL, 'правая', 176, 70, 14000000, NULL),
(408, 'Samir Nasri', 'Самир Насри', 4, 'Marseille', 'b263ac.png', '1987-06-26', NULL, 8, 'полузащитник', NULL, 'обе (сильная правая)', 178, 75, 23000000, NULL),
(409, 'Scott Sinclair', 'Скотт Синклер', 1, 'Bath', '2996da.png', '1989-03-25', NULL, 12, 'полузащитник', NULL, 'правая', 177, 69, 4000000, NULL),
(410, 'Jesús Navas González', 'Хесус Навас', 3, 'Los Palacios', 'de9a1f.png', '1985-11-21', NULL, 15, 'полузащитник', NULL, 'правая', 170, 60, 20000000, NULL),
(411, 'Frank Lampard', 'Фрэнк Лэмпард', 1, 'Romford', '1a5637.png', '1978-06-20', NULL, 18, 'полузащитник', NULL, 'обе (сильная правая)', 184, 88, 1500000, NULL),
(412, 'David Josué Jiménez Silva', 'Давид Сильва', 3, 'Arguineguín', 'b48cc7.png', '1986-01-08', NULL, 21, 'полузащитник', NULL, 'левая', 170, 67, 40000000, NULL),
(413, 'Fernando Luiz Rosa', 'Фернандиньо', 12, 'Londrina', 'c85f8d.png', '1985-05-04', NULL, 25, 'полузащитник', NULL, 'правая', 176, 67, 32000000, NULL),
(414, 'Gnégnéri Yaya Touré', 'Яя Туре', 0, 'Bouaké', '02e5b3.png', '1983-05-13', NULL, 42, 'полузащитник', NULL, 'правая', 191, 90, NULL, NULL),
(415, 'Sinan Bytyqi', 'S. Bytyqi', 0, 'Prizren', '96db1b.png', '1995-01-15', NULL, 75, 'полузащитник', NULL, 'левая', 185, NULL, NULL, NULL),
(416, 'Edin Dzeko', 'Эдин Джеко', 0, 'Sarajevo', '0962a3.png', '1986-03-17', NULL, 10, 'нападающий', NULL, 'обе (сильная правая)', 193, 80, 27000000, NULL),
(417, 'Sergio Leonel Agüero del Castillo', 'Серхио Агуэро', 23, 'Quilmes', '6400c8.png', '1988-06-02', NULL, 16, 'нападающий', NULL, 'обе (сильная правая)', 173, 70, 45000000, NULL),
(418, 'Stevan Jovetic', 'Стеван Йоветич', 0, 'Podgorica', '3969e7.png', '1989-11-02', NULL, 35, 'нападающий', NULL, 'правая', 185, 79, 24000000, NULL),
(419, 'Adrián San Miguel del Castillo', 'Адриан', 3, 'Sevilla', 'f97d29.png', '1987-01-03', NULL, 13, 'вратарь', NULL, 'левая', 188, 78, NULL, NULL),
(420, 'Jussi Jääskeläinen', 'Юсси Яаскеляйнен', 42, 'Mikkeli', '0381e4.png', '1975-04-19', NULL, 22, 'вратарь', NULL, 'правая', 191, 81, NULL, NULL),
(421, 'Raphael Spiegel', 'Рафаэль Шпигель', 30, 'Rüttenen', 'ba5d10.png', '1992-12-19', NULL, 34, 'вратарь', NULL, 'правая', 196, 88, NULL, NULL),
(422, 'Winston Reid', 'Уинстон Рид', 41, 'Auckland', 'ea5fda.png', '1988-07-03', NULL, 2, 'защитник', NULL, 'правая', 190, 87, NULL, NULL),
(423, 'Aaron Cresswell', 'Аарон Крессуэлл', 1, 'Liverpool', '7d909a.png', '1989-12-15', NULL, 3, 'защитник', NULL, 'левая', 170, 66, NULL, NULL),
(424, 'James Tomkins', 'Джеймс Томкинс', 1, 'Basildon', '278f42.png', '1989-03-29', NULL, 5, 'защитник', NULL, 'правая', 190, 74, NULL, NULL),
(425, 'Cheikhou Kouyaté', 'Шейху Куяте', 38, 'Dakar', 'ba8956.png', '1989-12-21', NULL, 8, 'защитник', NULL, 'правая', 189, 74, 7000000, NULL),
(426, 'Joey O''Brien', 'Джоуи О’Брайен', 18, 'Dublin', '1b838b.jpg', '1986-02-17', NULL, 17, 'защитник', NULL, 'правая', 180, 69, NULL, NULL),
(427, 'Carl Jenkinson', 'Карл Дженкинсон', 1, 'Harlow', 'c7b854.png', '1992-02-08', NULL, 18, 'защитник', NULL, 'правая', 185, 77, 5000000, NULL),
(428, 'James Collins', 'Джеймс Коллинз', 2, 'Newport', '179bcd.png', '1983-08-23', NULL, 19, 'защитник', NULL, 'левая', 193, 89, NULL, NULL),
(429, 'Guy Roland Demel', 'Ги Демель', 0, 'Orsay', '07e9b6.png', '1981-06-13', NULL, 20, 'защитник', NULL, 'правая', 188, 88, NULL, NULL),
(430, 'Reece Burke', 'R. Burke', 1, '', '3be621.png', '1996-09-02', NULL, 32, 'защитник', NULL, 'правая', 0, 0, NULL, NULL),
(431, 'Daniel Potts', 'Даниэль Поттс', 1, 'London', 'c0328e.jpg', '1994-04-13', NULL, 33, 'защитник', NULL, '0', 173, NULL, NULL, NULL),
(432, 'Reece Oxford', 'R. Oxford', 0, '', 'd8f114.jpg', '1998-12-16', NULL, 35, 'защитник', NULL, '0', 0, 0, NULL, NULL),
(433, 'Leo Chambers', 'Лео Чемберс', 1, 'London', '6752ac.png', '1995-08-05', NULL, 37, 'защитник', NULL, 'правая', 186, NULL, NULL, NULL),
(434, 'Lewis Page', 'L. Page', 0, '', '98e75e.jpg', '1996-05-20', NULL, 37, 'защитник', NULL, '0', 0, 0, NULL, NULL),
(435, 'Kevin Nolan', 'Кевин Нолан', 1, 'Liverpool', '0ab912.png', '1982-06-24', NULL, 4, 'полузащитник', NULL, 'правая', 180, 88, NULL, NULL),
(436, 'Matt Jarvis', 'Мэтт Джарвис', 1, 'Middlesbrough', '29ba72.png', '1986-05-22', NULL, 7, 'полузащитник', NULL, 'правая', 170, 72, NULL, NULL),
(437, 'Stewart Downing', 'Стюарт Даунинг', 1, 'Middlesbrough', '824114.png', '1984-07-22', NULL, 11, 'полузащитник', NULL, 'левая', 180, 64, NULL, NULL),
(438, 'Mark Noble', 'Марк Нобл', 1, 'Canning Town', '081747.png', '1987-05-08', NULL, 16, 'полузащитник', NULL, 'правая', 180, 76, 7000000, NULL),
(439, 'Morgan Amalfitano', 'Морган Амальфитано', 4, 'Nice', 'd804b2.png', '1985-03-20', NULL, 21, 'полузащитник', NULL, 'правая', 176, 68, 4750000, NULL),
(440, 'Alexandre Dimitri Song-Billong', 'Алекс Сонг', 43, 'Douala', '528b68.jpg', '1987-09-09', NULL, 30, 'полузащитник', NULL, 'обе', 180, 76, 14000000, NULL),
(441, 'Andy Carroll', 'Энди Кэрролл', 1, 'Gateshead', '3771d8.png', '1989-01-06', NULL, 9, 'нападающий', NULL, 'левая', 191, 76, 10000000, NULL),
(442, 'Mauro Zárate', 'Мауро Сарате', 23, 'Haedo', 'a503bb.png', '1987-03-18', NULL, 10, 'нападающий', NULL, 'правая', 176, 76, 4000000, NULL),
(443, 'Ricardo Jorge Vaz Té', 'Рикарду Ваш Те', 39, 'Lisboa', 'eda3ef.png', '1986-10-01', NULL, 12, 'нападающий', NULL, 'правая', 188, 79, NULL, NULL),
(444, 'Diafra Sakho', 'Диафра Сахо', 38, 'Guédiawaye', '0d8372.png', '1989-12-24', NULL, 15, 'нападающий', NULL, 'правая', 184, 79, 4000000, NULL),
(445, 'Carlton Michael Cole Okirie', 'Карлтон Коул', 1, 'London', '7a2bad.jpg', '1983-10-12', NULL, 24, 'нападающий', NULL, '0', 191, 78, NULL, NULL),
(446, 'Enner Remberto Valencia Lastra', 'Эннер Валенсия', 28, 'San Lorenzo', 'f40ec7.png', '1989-11-04', NULL, 31, 'нападающий', NULL, 'обе (сильная правая)', 174, 74, 10000000, NULL),
(447, 'Lukasz Fabianski', 'Лукаш Фабьяньски', 21, 'Kostrzyn nad Odra', 'b22952.png', '1985-04-18', NULL, 1, 'вратарь', NULL, 'правая', 191, 85, 2500000, NULL),
(448, 'David Cornell', 'Давид Корнелл', 2, 'Waunarlwydd, Swansea', '106961.png', '1991-03-28', NULL, 13, 'вратарь', NULL, 'правая', 180, 73, NULL, NULL),
(449, 'Gerhard Tremmel', 'Герхард Треммель', 6, 'München', '78a254.png', '1978-11-16', NULL, 25, 'вратарь', NULL, 'правая', 190, 89, NULL, NULL),
(450, 'Jordi Amat Maas', 'Хорди Амат', 3, 'Barcelona', '1a3c3b.png', '1992-03-21', NULL, 2, 'защитник', NULL, 'правая', 184, 80, 3000000, NULL),
(451, 'Neil Taylor', 'Нил Тейлор', 2, 'St. Asaph', 'e44e47.png', '1989-02-07', NULL, 3, 'защитник', NULL, 'левая', 175, 64, 2500000, NULL),
(452, 'Ashley Williams', 'Эшли Уильямс', 2, 'Wolverhampton', '447b44.png', '1984-08-23', NULL, 6, 'защитник', NULL, 'правая', 183, 75, NULL, NULL),
(453, 'Dwight Tiendalli', 'Дуайт Тиндалли', 29, 'Paramaribo', '776459.png', '1985-10-21', NULL, 19, 'защитник', NULL, 'правая', 180, 69, 1500000, NULL),
(454, 'Àngel Rangel Zaragoza', 'Анхель Ранхель', 3, 'Sant Carles de la Ràpita', '13114b.png', '1982-10-28', NULL, 22, 'защитник', NULL, 'правая', 188, 83, NULL, NULL),
(455, 'Kyle Bartley', 'Кайл Бартли', 1, 'Manchester', '080b00.png', '1991-05-22', NULL, 27, 'защитник', NULL, 'правая', 180, 70, NULL, NULL),
(456, 'Federico Fernández', 'Федерико Фернандес', 23, 'Tres Algarrobos', '7fa7e2.png', '1989-02-21', NULL, 33, 'защитник', NULL, 'правая', 189, 81, 8000000, NULL),
(457, 'Stephen Kingsley', 'S. Kingsley', 17, 'Stirling', '080f19.png', '1994-07-23', NULL, 35, 'защитник', NULL, 'левая', 178, 68, NULL, NULL),
(458, 'Liam Shephard', 'L. Shephard', 2, '', '628584.jpg', '1994-11-22', NULL, 0, '0', NULL, '0', 0, 0, NULL, NULL),
(459, 'Modou Barrow', 'M. Barrow', 22, '', '5705fd.jpg', '1992-02-18', NULL, 0, 'полузащитник', NULL, '0', 0, 0, NULL, NULL),
(460, 'Sung-Yong Ki', 'Ки Сон Ён', 0, 'Gwangju', 'ff3eab.png', '1989-01-24', NULL, 4, 'полузащитник', NULL, 'правая', 187, 79, 6000000, NULL),
(461, 'Leon Britton', 'Леон Бриттон', 1, 'Wandsworth', '845b41.png', '1982-09-16', NULL, 7, 'полузащитник', NULL, 'правая', 168, 63, NULL, NULL),
(462, 'Jonjo Shelvey', 'Джонджо Шелви', 1, 'Romford', 'd6ac6d.png', '1992-02-27', NULL, 8, 'полузащитник', NULL, 'правая', 183, 70, 10000000, NULL),
(463, 'Nathan Dyer', 'Натан Дайер', 1, 'Trowbridge', 'fe7b8b.png', '1987-11-29', NULL, 12, 'полузащитник', NULL, 'правая', 165, 57, 4500000, NULL),
(464, 'Tom Carroll', 'Том Кэрролл', 1, 'Watford', 'aef07e.png', '1992-05-28', NULL, 14, 'полузащитник', NULL, 'левая', 0, 0, 2000000, NULL),
(465, 'Wayne Routledge', 'Уэйн Раутледж', 1, 'Sidcup', 'f7c2ed.png', '1985-01-07', NULL, 15, 'полузащитник', NULL, 'правая', 170, 63, NULL, NULL),
(466, 'Gylfi Thór Sigurðsson', 'Гильфи Сигурдссон', 0, 'Reykjavik', '1f17af.jpg', '1989-09-08', NULL, 23, 'полузащитник', NULL, 'правая', 186, 77, NULL, NULL),
(467, 'Ashley Richards', 'Эшли Ричардс', 2, 'Swansea', '1f0a6b.png', '1991-04-12', NULL, 29, 'полузащитник', NULL, 'правая', 185, 77, NULL, NULL),
(468, 'Josh Sheehan', 'J. Sheehan', 2, '', 'd66221.png', '1995-03-30', NULL, 30, 'полузащитник', NULL, 'правая', 0, 0, NULL, NULL),
(469, 'Adam King', 'A. King', 17, '', 'da23f1.png', '1995-10-11', NULL, 53, 'полузащитник', NULL, 'правая', 180, 75, NULL, NULL),
(470, 'Jay Fulton', 'J. Fulton', 17, 'Bolton', '5c8948.png', '1994-04-04', NULL, 56, 'полузащитник', NULL, 'правая', 0, 0, NULL, NULL),
(471, 'Wilfried Guemiand Bony', 'Вильфрид Бони', 0, 'Bingerville', 'ed0da2.png', '1988-12-10', NULL, 10, 'нападающий', NULL, 'правая', 182, 88, 17000000, NULL),
(472, 'Marvin Emnes', 'M. Emnes', 29, 'Rotterdam', 'a437ee.png', '1988-05-27', NULL, 11, 'нападающий', NULL, 'правая', 180, 66, NULL, NULL),
(473, 'Bafetimbi Gomis', 'Бафетимби Гомис', 4, 'La Seyne-sur-Mer', 'b8ed0b.png', '1985-08-06', NULL, 18, 'нападающий', NULL, 'правая', 184, 77, 10000000, NULL),
(474, 'Jefferson Antonio Montero Vite', 'Джефферсон Монтеро', 28, 'Babahoyo', 'd19a85.png', '1989-09-01', NULL, 20, 'нападающий', NULL, 'обе (сильная правая)', 169, 64, 5000000, NULL),
(475, 'Rory Donnelly', 'Рори Доннелли', 46, 'Belfast', '99611b.png', '1992-02-18', NULL, 41, 'нападающий', NULL, 'правая', 188, NULL, NULL, NULL),
(476, 'Wojciech Szczesny', 'Войцех Щенсный', 21, 'Warszawa', '02c23c.png', '1990-04-18', NULL, 1, 'вратарь', NULL, 'правая', 195, 80, 16000000, NULL),
(477, 'David Ospina Ramírez', 'Давид Оспина', 24, 'Medellín', '0cc48b.png', '1988-08-31', NULL, 13, 'вратарь', NULL, 'правая', 183, 80, 7000000, NULL),
(478, 'Damián Emiliano Martínez', 'Дамиан Мартинес', 23, 'Mar del Plata', 'd736fc.png', '1992-09-02', NULL, 50, 'вратарь', NULL, 'правая', 183, NULL, 300000, NULL),
(479, 'Mathieu Debuchy', 'Матьё Дебюши', 4, 'Fretin', '7c8d27.png', '1985-07-28', NULL, 2, 'защитник', NULL, 'правая', 176, 76, 13000000, NULL),
(480, 'Kieran Gibbs', 'Киран Гиббс', 1, 'Lambeth', '262bd7.png', '1989-09-26', NULL, 3, 'защитник', NULL, 'левая', 180, 70, 13000000, NULL),
(481, 'Per Mertesacker', 'Пер Мертезакер', 6, 'Hannover', '25e0b6.png', '1984-09-29', NULL, 4, 'защитник', NULL, 'правая', 196, 85, 20000000, NULL),
(482, 'Laurent Koscielny', 'Лоран Косельни', 4, 'Tulle', '6e0277.png', '1985-09-10', NULL, 6, 'защитник', NULL, 'правая', 186, 75, 20000000, NULL),
(483, 'Ignacio Monreal Eraso', 'Начо Монреаль', 3, 'Pamplona', 'a506a8.jpg', '1986-02-26', NULL, 18, 'защитник', NULL, 'левая', 179, 72, 10000000, NULL),
(484, 'Oluwasemilogo Adesewo Ibidapo Ajayi', 'S. Ajayi', 0, 'Crayford', '5e3bc9.jpg', '1993-11-09', NULL, 37, 'защитник', NULL, '0', 0, 0, NULL, NULL),
(485, 'Héctor Bellerín Moruno', 'Гектор Беллерин', 0, 'Barcelona', 'b91f97.png', '1995-03-19', NULL, 39, 'защитник', NULL, 'правая', 0, 0, NULL, NULL),
(486, 'Ryan Huddart', 'R. Huddart', 0, '', '158bd9.jpg', '1997-03-06', NULL, 0, '0', NULL, '0', 0, 0, NULL, NULL),
(487, 'Tomás Rosický', 'Томаш Росицкий', 0, 'Praha', 'c954bc.png', '1980-10-04', NULL, 7, 'полузащитник', NULL, 'обе (сильная правая)', 180, 67, 2000000, NULL),
(488, 'Mikel Arteta Amatriain', 'Микель Артета', 3, 'San Sebastián', 'a65845.jpg', '1982-03-26', NULL, 8, 'полузащитник', NULL, '0', 175, 64, 6000000, NULL),
(489, 'Jack Wilshere', 'Джек Уилшир', 1, 'Stevenage', '284e68.png', '1992-01-01', NULL, 10, 'полузащитник', NULL, 'левая', 170, 60, 30000000, NULL),
(490, 'Mesut Özil', 'Месут Озил', 6, 'Gelsenkirchen', 'e8a2cc.png', '1988-10-15', NULL, 11, 'полузащитник', NULL, 'левая', 180, 70, 45000000, NULL),
(491, 'Aaron Ramsey', 'Аарон Рэмзи', 2, 'Caerphilly', '3e2e47.png', '1990-12-26', NULL, 16, 'полузащитник', NULL, 'обе (сильная правая)', 178, 76, 24000000, NULL),
(492, 'Santiago Cazorla González', 'Санти Касорла', 3, 'Lugo de Llanera', '8af987.jpg', '1984-12-13', NULL, 19, 'полузащитник', NULL, 'обе', 168, 66, 26000000, NULL),
(493, 'Mathieu Flamini', 'Матьё Фламини', 4, 'Marseille', 'fcce6f.png', '1984-03-07', NULL, 20, 'полузащитник', NULL, 'правая', 178, 67, 8000000, NULL),
(494, 'Calum Chambers', 'Калум Чемберс', 1, 'Petersfield', '9cb00f.png', '1995-01-20', NULL, 21, 'полузащитник', NULL, 'правая', 182, NULL, 12000000, NULL),
(495, 'Vassiriki Abou Diaby', 'Абу Диаби', 4, 'Aubervilliers', 'd04900.jpg', '1986-05-11', NULL, 24, 'полузащитник', NULL, 'правая', 190, 78, 1000000, NULL),
(496, 'Serge Gnabry', 'Серж Гнабри', 0, 'Stuttgart', '3fb493.png', '1995-07-14', NULL, 27, 'полузащитник', NULL, 'правая', 173, NULL, 4000000, NULL),
(497, 'Gedion Zelalem', 'Гедеон Селалем', 0, 'Berlin', 'd189b0.png', '1997-01-26', NULL, 35, 'полузащитник', NULL, 'правая', 170, NULL, NULL, NULL),
(498, 'Isaac Hayden', 'Исаак Хайден', 1, 'Chelmsford', '7c24d7.png', '1995-03-22', NULL, 42, 'полузащитник', NULL, 'правая', 0, 0, NULL, NULL),
(499, 'Lukas Podolski', 'Лукас Подольски', 6, 'Gliwice', '430bb0.png', '1985-06-04', NULL, 9, 'нападающий', NULL, 'левая', 182, 83, 20000000, NULL),
(500, 'Olivier Giroud', 'Оливье Жиру', 4, 'Chambéry', '260d68.png', '1986-09-30', NULL, 12, 'нападающий', NULL, 'левая', 193, 92, 20000000, NULL),
(501, 'Theo Walcott', 'Тео Уолкотт', 1, 'Stanmore', '7aab87.png', '1989-03-16', NULL, 14, 'нападающий', NULL, 'правая', 175, 67, 28000000, NULL),
(502, 'Alex Oxlade-Chamberlain', 'Алекс Окслейд-Чемберлен', 1, 'Portsmouth', '11ed9d.png', '1993-08-15', NULL, 15, 'нападающий', NULL, 'обе (сильная правая)', 180, 69, 17000000, NULL),
(503, 'Alexis Alejandro Sánchez Sánchez', 'Алексис Санчес', 0, 'Tocopilla', '38a9f2.png', '1988-12-19', NULL, 17, 'нападающий', NULL, 'правая', 170, 62, 38000000, NULL),
(504, 'Yaya Sanogo', 'Яя Санонго', 4, 'Massy', '04fbdb.png', '1993-01-27', NULL, 22, 'нападающий', NULL, 'правая', 191, 74, 2000000, NULL),
(505, 'Daniel Nii Tackie  Mensah Welbeck', 'Дэнни Уэлбек', 1, 'Manchester', '28c484.jpg', '1990-11-26', NULL, 23, 'нападающий', NULL, 'правая', 185, 73, 18000000, NULL),
(506, 'Joel Nathaniel Campbell Samuels', 'Хоэль Кэмпбелл', 0, 'San José', 'bdd974.png', '1992-06-26', NULL, 28, 'нападающий', NULL, 'левая', 178, 70, 7500000, NULL),
(507, 'Chuba Akpom', 'Чуба Акпом', 0, 'London', '50ed5a.png', '1995-10-09', NULL, 38, 'нападающий', NULL, 'правая', 0, 0, 250000, NULL),
(508, 'Tim Krul', 'Тим Крул', 29, 'Den Haag', 'f843f7.png', '1988-04-03', NULL, 1, 'вратарь', NULL, 'левая', 188, 75, 9000000, NULL),
(509, 'Rob Elliot', 'Роб Эллиот', 18, 'Chatham', 'cecbb5.png', '1986-04-30', NULL, 21, 'вратарь', NULL, 'левая', 190, 85, NULL, NULL),
(510, 'Jak Alnwick', 'Джейк Анвик', 1, 'Prudhoe', '8481ad.png', '1993-06-17', NULL, 31, 'вратарь', NULL, 'левая', 188, NULL, NULL, NULL),
(511, 'Fabricio Coloccini', 'Фабрисио Колоччини', 23, 'Córdoba', '954d5e.png', '1982-01-22', NULL, 2, 'защитник', NULL, 'обе (сильная правая)', 183, 76, 3000000, NULL),
(512, 'Davide Santon', 'Давиде Сантон', 5, 'Porto Maggiore', '9fbc2f.png', '1991-01-02', NULL, 3, 'защитник', NULL, 'правая', 187, 77, 8000000, NULL),
(513, 'Ryan Taylor', 'Райан Тейлор', 1, 'Liverpool', '6205af.png', '1984-08-19', NULL, 4, 'защитник', NULL, 'правая', 173, 65, NULL, NULL),
(514, 'Mike Williamson', 'Майк Уильямсон', 1, 'Stoke-on-Trent', '6697da.png', '1983-11-08', NULL, 6, 'защитник', NULL, 'правая', 193, 91, NULL, NULL),
(515, 'Massadio Haïdara', 'M. Haidara', 4, 'Trappes', 'b6e928.png', '1992-12-02', NULL, 19, 'защитник', NULL, 'левая', 181, 76, NULL, NULL),
(516, 'Daryl Janmaat', 'Дэрил Янмат', 29, 'Leidschendam', 'cc062b.png', '1989-07-22', NULL, 22, 'защитник', NULL, 'правая', 185, 80, 5000000, NULL),
(517, 'Steven Taylor', 'Стивен Тейлор', 1, 'Greenwich', 'ebef32.png', '1986-01-23', NULL, 27, 'защитник', NULL, 'правая', 188, 81, NULL, NULL),
(518, 'Paul Dummett', 'Поль Дамметт', 2, 'Newcastle', '199b24.png', '1991-09-26', NULL, 36, 'защитник', NULL, 'левая', 178, NULL, NULL, NULL),
(519, 'Rolando Aarons', 'Роландо Ааронс', 1, 'Kingston', '32e458.png', '1995-11-16', NULL, 16, '0', NULL, 'левая', 175, 67, NULL, NULL),
(520, 'Moussa Sissoko', 'Мусса Сиссоко', 4, 'Le Blanc-Mesnil', 'fb1d1d.png', '1989-08-16', NULL, 7, 'полузащитник', NULL, 'правая', 187, 83, 11000000, NULL),
(521, 'Vurnon Anita', 'Вюрнон Анита', 29, 'Willemstad', '096321.png', '1989-04-04', NULL, 8, 'полузащитник', NULL, 'правая', 166, 63, 6000000, NULL),
(522, 'Siem de Jong', 'Сим де Йонг', 29, 'Aigle', '63c46a.jpg', '1989-01-28', NULL, 10, 'полузащитник', NULL, 'обе', 185, 76, 10000000, NULL),
(523, 'Jack Colback', 'Джек Колбэк', 1, 'Killingworth', '616cc6.png', '1989-10-24', NULL, 14, 'полузащитник', NULL, 'левая', 175, 72, 4500000, NULL),
(524, 'Jonás Manuel Gutiérrez', 'Хонас Гутьерес', 23, 'Sáenz Peña', 'c3f894.jpg', '1983-07-05', NULL, 18, 'полузащитник', NULL, 'правая', 183, 78, NULL, NULL),
(525, 'Rémy Cabella', 'Реми Кабелля', 4, 'Ajaccio', '3b8e84.png', '1990-03-08', NULL, 20, 'полузащитник', NULL, 'правая', 172, 66, 10000000, NULL),
(526, 'Haris Vuckic', 'Харис Вучкич', 0, 'Ljubljana', 'fca591.png', '1992-08-21', NULL, 23, 'полузащитник', NULL, 'левая', 190, NULL, 1000000, NULL),
(527, 'Cheikh Ismael Tioté', 'Шейк Тьоте', 0, 'Yamoussoukro', '046be6.png', '1986-06-21', NULL, 24, 'полузащитник', NULL, 'правая', 180, 76, 8000000, NULL),
(528, 'Mehdi Abeid', 'Мехди Абеид', 32, 'Montreuil', '23f4e0.jpg', '1992-08-06', NULL, 30, 'полузащитник', NULL, '0', 178, 77, NULL, NULL),
(529, 'Gaël Bigirimana', 'Гаэль Бигиримана', 1, 'Bujumbara', '99d23a.png', '1993-10-22', NULL, 38, 'полузащитник', NULL, 'правая', 173, NULL, 2000000, NULL),
(530, 'Papiss Demba Cissé', 'Паписс Сиссе', 38, 'Dakar', 'cd3402.png', '1985-06-03', NULL, 9, 'нападающий', NULL, 'обе (сильная правая)', 183, 73, 7000000, NULL),
(531, 'Yoan Gouffran', 'Йоан Гуффран', 4, 'Villeneuve-Saint-Georges', '1ab201.png', '1986-05-25', NULL, 11, 'нападающий', NULL, 'правая', 176, 76, 9000000, NULL),
(532, 'Facundo Ferreyra', 'Факундо Феррейра', 23, 'Lomas de Zamora', '04ec6b.png', '1991-03-14', NULL, 15, 'нападающий', NULL, 'правая', 180, 70, 6000000, NULL),
(533, 'Ayoze Pérez Gutiérrez', 'Айосе Перес', 3, 'Santa Cruz de Tenerife', '512cba.png', '1993-07-23', NULL, 17, 'нападающий', NULL, 'правая', 179, 66, 2000000, NULL),
(534, 'Gabriel Obertan', 'Габриэль Обертан', 4, 'Pantin', '23dd30.png', '1989-02-26', NULL, 25, 'нападающий', NULL, 'правая', 186, 79, 1000000, NULL),
(535, 'Sammy Ameobi', 'Сэмми Амеоби', 1, 'Newcastle', '2995eb.jpg', '1992-05-01', NULL, 28, 'нападающий', NULL, '0', 190, NULL, NULL, NULL),
(536, 'Emmanuel Rivière', 'E. Riviere', 4, 'Le Lamentin', '1a24bc.png', '1990-03-03', NULL, 29, 'нападающий', NULL, 'правая', 182, 80, 6000000, NULL),
(537, 'Adam Armstrong', 'A. Armstrong', 0, '', 'f288c1.png', '1997-02-10', NULL, 32, 'нападающий', NULL, 'правая', 0, 0, NULL, NULL),
(538, 'Adam Campbell', 'Адам Кэмпбелл', 1, 'North Shields', '874c55.png', '1995-01-01', NULL, 35, 'нападающий', NULL, 'правая', 0, 0, NULL, NULL),
(539, 'Asmir Begovic', 'Асмир Бегович', 0, 'Trebinje', '329be6.png', '1987-06-20', NULL, 1, 'вратарь', NULL, 'правая', 196, 83, 12000000, NULL),
(540, 'Thomas Løvendahl Sørensen', 'Томас Сёренсен', 0, 'Fredericia', 'ce0c47.jpg', '1976-06-12', NULL, 29, 'вратарь', NULL, 'правая', 196, 89, NULL, NULL),
(541, 'Phil Bardsley', 'Фил Бардсли', 17, 'Salford', '611211.png', '1985-06-28', NULL, 2, 'защитник', NULL, 'правая', 180, 74, 2500000, NULL),
(542, 'Erik Pieters', 'Эрик Питерс', 29, 'Tiel', 'a612bb.png', '1988-08-07', NULL, 3, 'защитник', NULL, 'левая', 186, 82, 3500000, NULL),
(543, 'Robert Huth', 'Роберт Хут', 6, 'Berlin', 'd9bf2b.png', '1984-08-18', NULL, 4, 'защитник', NULL, 'правая', 191, 88, 7000000, NULL),
(544, 'Marc Muniesa Martínez', 'Марк Муньеса', 3, 'Lloret de Mar', 'be4663.png', '1992-03-27', NULL, 5, 'защитник', NULL, 'левая', 179, 72, 2000000, NULL),
(545, 'Marc Wilson', 'Марк Уилсон', 18, 'Aghagallon', 'b11da0.png', '1987-08-17', NULL, 12, 'защитник', NULL, 'обе (сильная правая)', 188, 80, NULL, NULL),
(546, 'Ryan Shawcross', 'Райан Шоукросс', 1, 'Chester', 'd3ae63.png', '1987-10-04', NULL, 17, 'защитник', NULL, 'правая', 191, 76, 9000000, NULL),
(547, 'Geoff Cameron', 'Джефф Кэмерон', 19, 'Attleboro', '7d565e.png', '1985-07-11', NULL, 20, 'защитник', NULL, 'правая', 191, NULL, NULL, NULL),
(548, 'Dionatan do Nascimento Teixeira', 'Teixeira', 7, 'Londrina', '811718.jpg', '1992-07-24', NULL, 23, 'защитник', NULL, '0', 193, NULL, NULL, NULL),
(549, 'Glenn Whelan', 'Гленн Уилан', 18, 'Dublin', '648e6b.png', '1984-01-13', NULL, 6, 'полузащитник', NULL, 'правая', 180, 79, NULL, NULL),
(550, 'Stephen Ireland', 'Стивен Айрленд', 18, 'Cobh', 'c6ff8f.png', '1986-08-22', NULL, 7, 'полузащитник', NULL, 'правая', 173, 67, 2500000, NULL),
(551, 'Wilson Roberto Palacios Suazo', 'Уилсон Паласиос', 0, 'La Ceiba', 'ed1527.png', '1984-07-29', NULL, 8, 'полузащитник', NULL, 'обе (сильная правая)', 178, 71, NULL, NULL),
(552, 'Victor Moses', 'Виктор Мозес', 0, 'Kaduna', 'b186a3.png', '1990-12-12', NULL, 13, 'полузащитник', NULL, 'правая', 177, 75, 8000000, NULL),
(553, 'Steven N''Kemboanza N''Zonzi', 'Стивен Н’Зонзи', 4, 'Colombes', '2abc07.jpg', '1988-12-15', NULL, 15, 'полузащитник', NULL, '0', 190, 75, 6000000, NULL),
(554, 'Charlie Adam', 'Чарли Адам', 17, 'Dundee', '49e9e4.png', '1985-12-10', NULL, 16, 'полузащитник', NULL, 'левая', 185, 82, 5000000, NULL),
(555, 'Steve Sidwell', 'Стив Сидуэлл', 1, 'Wandsworth', '5e7a15.png', '1982-12-14', NULL, 21, 'полузащитник', NULL, 'правая', 178, 69, NULL, NULL),
(556, 'Charlie Ward', 'C. Ward', 1, 'Redditch', '583b01.png', '1995-02-19', NULL, 31, 'полузащитник', NULL, 'правая', 0, 0, NULL, NULL),
(557, 'Oliver Shenton', 'O. Shenton', 0, '', 'e95df0.jpg', '1997-11-10', NULL, 34, 'полузащитник', NULL, '0', 0, 0, NULL, NULL),
(558, 'Osazemwinde Peter Odemwingie', 'Питер Одемвингие', 0, 'Tashkent', 'b537bb.jpg', '1981-07-15', NULL, 9, 'нападающий', NULL, 'обе', 182, 75, NULL, NULL),
(559, 'Marko Arnautovic', 'Марко Арнаутович', 0, 'Wien', '089f5d.png', '1989-04-19', NULL, 10, 'нападающий', NULL, 'обе (сильная правая)', 192, 83, 6000000, NULL),
(560, 'Mame Biram Diouf', 'Маме Диуф', 38, 'Dakar', '77d4f4.jpg', '1987-12-16', NULL, 18, 'нападающий', NULL, 'обе', 185, 76, 9000000, NULL),
(561, 'Jonathan Walters', 'Джонатан Уолтерс', 18, 'Birkenhead', 'e30cea.png', '1983-09-20', NULL, 19, 'нападающий', NULL, 'правая', 183, 78, 3500000, NULL),
(562, 'Oussama Assaidi', 'Усама Ассаиди', 0, 'Beni-Boughafar', '09e04f.png', '1988-08-15', NULL, 24, 'нападающий', NULL, 'правая', 175, 71, 5000000, NULL),
(563, 'Peter Crouch', 'Питер Крауч', 1, 'Macclesfield', 'ca31e3.png', '1981-01-30', NULL, 25, 'нападающий', NULL, 'правая', 201, 75, NULL, NULL),
(564, 'Bojan Krkíc Pérez', 'Боян', 3, 'Liñola', '15f4f6.png', '1990-08-28', NULL, 27, 'нападающий', NULL, 'правая', 170, 65, 5000000, NULL);

-- --------------------------------------------------------

--
-- Структура таблицы `tbl_soccer_player_team`
--

CREATE TABLE IF NOT EXISTS `tbl_soccer_player_team` (
`id` int(11) NOT NULL,
  `pid` int(11) NOT NULL,
  `tid` int(11) NOT NULL,
  `date_to` date NOT NULL
) ENGINE=MyISAM  DEFAULT CHARSET=utf8 AUTO_INCREMENT=567 ;

--
-- Дамп данных таблицы `tbl_soccer_player_team`
--

INSERT INTO `tbl_soccer_player_team` (`id`, `pid`, `tid`, `date_to`) VALUES
(1, 1, 1, '2016-06-30'),
(2, 2, 1, '2019-06-30'),
(3, 3, 1, '2015-06-30'),
(10, 8, 1, '2017-06-30'),
(5, 4, 1, '2016-06-30'),
(6, 5, 1, '2017-06-30'),
(8, 6, 1, '2018-06-30'),
(9, 7, 1, '2019-06-30'),
(11, 9, 1, '2015-06-30'),
(12, 10, 1, '2019-06-30'),
(13, 11, 1, '2016-06-30'),
(14, 12, 1, '2019-06-30'),
(15, 13, 1, '2017-06-30'),
(16, 14, 1, '0000-00-00'),
(17, 15, 1, '2017-06-30'),
(18, 16, 1, '2017-06-30'),
(19, 17, 1, '2019-06-30'),
(20, 18, 1, '0000-00-00'),
(21, 19, 1, '2019-06-30'),
(22, 20, 1, '0000-00-00'),
(23, 21, 1, '0000-00-00'),
(24, 22, 1, '2015-06-30'),
(25, 23, 1, '2018-06-30'),
(26, 24, 1, '2018-06-30'),
(27, 25, 1, '2019-06-30'),
(28, 26, 2, '2016-06-30'),
(29, 27, 2, '0000-00-00'),
(30, 28, 2, '0000-00-00'),
(31, 29, 2, '2016-06-30'),
(32, 30, 2, '2018-06-30'),
(33, 31, 2, '2015-06-30'),
(34, 32, 2, '2016-06-30'),
(35, 33, 2, '2016-06-30'),
(36, 34, 2, '0000-00-00'),
(37, 35, 2, '0000-00-00'),
(38, 36, 2, '2017-06-30'),
(39, 37, 2, '0000-00-00'),
(40, 38, 2, '2017-06-30'),
(41, 39, 2, '0000-00-00'),
(42, 40, 2, '2015-06-30'),
(43, 41, 2, '2018-06-30'),
(44, 42, 2, '0000-00-00'),
(45, 43, 2, '2015-06-30'),
(46, 44, 2, '0000-00-00'),
(47, 45, 2, '2016-06-30'),
(48, 46, 2, '0000-00-00'),
(49, 47, 2, '0000-00-00'),
(50, 48, 2, '2016-06-30'),
(51, 49, 2, '2016-06-30'),
(52, 50, 2, '2015-06-30'),
(53, 51, 2, '0000-00-00'),
(54, 52, 3, '2016-06-30'),
(55, 53, 3, '2016-06-30'),
(56, 54, 3, '2015-06-30'),
(57, 55, 3, '0000-00-00'),
(58, 56, 3, '2018-06-30'),
(59, 57, 3, '2016-06-30'),
(60, 58, 3, '2019-06-30'),
(61, 59, 3, '2016-06-30'),
(62, 60, 3, '2016-06-30'),
(63, 61, 3, '2018-06-30'),
(64, 62, 3, '0000-00-00'),
(65, 63, 3, '0000-00-00'),
(66, 64, 3, '0000-00-00'),
(67, 65, 3, '0000-00-00'),
(68, 66, 3, '2017-06-30'),
(69, 67, 3, '2019-06-30'),
(70, 68, 3, '2018-06-30'),
(71, 69, 3, '2015-06-30'),
(72, 70, 3, '2016-06-30'),
(73, 71, 3, '2018-06-30'),
(74, 72, 3, '2015-06-30'),
(75, 73, 3, '2017-06-30'),
(76, 74, 3, '2015-06-30'),
(77, 75, 3, '2018-06-30'),
(78, 76, 3, '2015-06-30'),
(79, 77, 3, '2016-06-30'),
(80, 78, 3, '2018-06-30'),
(81, 79, 3, '2015-06-30'),
(82, 80, 3, '2019-06-30'),
(83, 81, 3, '2016-06-30'),
(84, 82, 3, '0000-00-00'),
(85, 83, 3, '2015-06-30'),
(86, 84, 3, '2015-06-30'),
(87, 85, 4, '0000-00-00'),
(88, 86, 4, '0000-00-00'),
(89, 87, 4, '0000-00-00'),
(90, 88, 4, '0000-00-00'),
(91, 89, 4, '0000-00-00'),
(92, 90, 4, '0000-00-00'),
(93, 91, 4, '0000-00-00'),
(94, 92, 4, '0000-00-00'),
(95, 93, 4, '2015-01-02'),
(96, 94, 4, '0000-00-00'),
(97, 95, 4, '0000-00-00'),
(98, 96, 4, '0000-00-00'),
(99, 97, 4, '0000-00-00'),
(100, 98, 4, '0000-00-00'),
(101, 99, 5, '2018-06-30'),
(102, 100, 5, '0000-00-00'),
(103, 101, 5, '0000-00-00'),
(104, 102, 5, '0000-00-00'),
(105, 103, 5, '0000-00-00'),
(106, 104, 5, '0000-00-00'),
(107, 105, 5, '0000-00-00'),
(108, 106, 5, '0000-00-00'),
(109, 107, 5, '2017-06-30'),
(110, 108, 5, '0000-00-00'),
(111, 109, 5, '2015-06-30'),
(112, 110, 5, '2015-05-31'),
(113, 111, 5, '2018-06-30'),
(114, 112, 5, '0000-00-00'),
(115, 113, 5, '0000-00-00'),
(116, 114, 5, '0000-00-00'),
(117, 115, 5, '0000-00-00'),
(118, 116, 5, '0000-00-00'),
(119, 117, 5, '2015-06-30'),
(120, 118, 5, '2015-06-30'),
(121, 119, 5, '0000-00-00'),
(122, 120, 5, '2018-06-30'),
(123, 121, 5, '2017-06-30'),
(124, 122, 5, '0000-00-00'),
(125, 123, 5, '2018-06-30'),
(126, 124, 5, '2017-06-30'),
(127, 125, 5, '0000-00-00'),
(128, 126, 5, '2016-06-30'),
(129, 127, 4, '0000-00-00'),
(130, 128, 4, '2016-06-30'),
(131, 129, 4, '0000-00-00'),
(132, 130, 4, '0000-00-00'),
(133, 131, 4, '0000-00-00'),
(134, 132, 4, '0000-00-00'),
(135, 133, 4, '0000-00-00'),
(136, 134, 4, '0000-00-00'),
(137, 135, 4, '2015-06-30'),
(138, 136, 4, '0000-00-00'),
(139, 137, 4, '0000-00-00'),
(140, 138, 4, '0000-00-00'),
(141, 139, 4, '0000-00-00'),
(142, 140, 6, '0000-00-00'),
(143, 141, 6, '0000-00-00'),
(144, 142, 6, '0000-00-00'),
(145, 143, 6, '0000-00-00'),
(146, 144, 6, '2016-06-30'),
(147, 145, 6, '0000-00-00'),
(148, 146, 6, '0000-00-00'),
(149, 147, 6, '2015-06-30'),
(150, 148, 6, '0000-00-00'),
(151, 149, 6, '2017-06-30'),
(152, 150, 6, '0000-00-00'),
(153, 151, 6, '2017-06-30'),
(154, 152, 6, '0000-00-00'),
(155, 153, 6, '2017-06-30'),
(156, 154, 6, '0000-00-00'),
(157, 155, 6, '0000-00-00'),
(158, 156, 6, '0000-00-00'),
(159, 157, 6, '0000-00-00'),
(160, 158, 6, '0000-00-00'),
(161, 159, 6, '2016-06-30'),
(162, 160, 6, '0000-00-00'),
(163, 161, 6, '0000-00-00'),
(164, 162, 6, '0000-00-00'),
(165, 163, 6, '0000-00-00'),
(166, 164, 6, '2018-06-30'),
(167, 165, 6, '2015-01-01'),
(168, 166, 6, '0000-00-00'),
(169, 167, 6, '2015-05-31'),
(170, 168, 6, '0000-00-00'),
(171, 169, 6, '0000-00-00'),
(172, 170, 6, '2016-06-30'),
(173, 171, 6, '0000-00-00'),
(174, 172, 7, '0000-00-00'),
(175, 173, 7, '0000-00-00'),
(176, 174, 7, '0000-00-00'),
(177, 175, 7, '0000-00-00'),
(178, 176, 7, '2017-06-30'),
(179, 177, 7, '2016-06-30'),
(180, 178, 7, '2016-06-30'),
(181, 179, 7, '2017-06-30'),
(182, 180, 7, '2018-06-30'),
(183, 181, 7, '0000-00-00'),
(184, 182, 7, '0000-00-00'),
(185, 183, 7, '2015-05-31'),
(186, 184, 7, '2016-06-30'),
(187, 185, 7, '0000-00-00'),
(188, 186, 7, '2015-06-30'),
(189, 187, 7, '0000-00-00'),
(190, 188, 7, '0000-00-00'),
(191, 189, 7, '0000-00-00'),
(192, 190, 7, '2016-06-30'),
(193, 191, 7, '0000-00-00'),
(194, 192, 7, '2016-06-30'),
(195, 193, 7, '2018-06-30'),
(196, 194, 7, '2017-06-30'),
(197, 195, 7, '2017-06-30'),
(198, 196, 7, '0000-00-00'),
(199, 197, 7, '2015-06-30'),
(200, 198, 8, '0000-00-00'),
(201, 199, 8, '2016-06-30'),
(202, 200, 8, '0000-00-00'),
(203, 201, 8, '0000-00-00'),
(204, 202, 8, '0000-00-00'),
(205, 203, 8, '0000-00-00'),
(206, 204, 8, '0000-00-00'),
(207, 205, 8, '0000-00-00'),
(208, 206, 8, '2017-06-30'),
(209, 207, 8, '0000-00-00'),
(210, 208, 8, '2017-06-30'),
(211, 209, 8, '0000-00-00'),
(212, 210, 8, '2016-06-30'),
(213, 211, 8, '2017-06-30'),
(214, 212, 8, '0000-00-00'),
(215, 213, 8, '2017-06-30'),
(216, 214, 8, '2017-06-30'),
(217, 215, 8, '2016-06-30'),
(218, 216, 8, '2015-05-31'),
(219, 217, 8, '0000-00-00'),
(220, 218, 8, '0000-00-00'),
(221, 219, 8, '2015-05-31'),
(222, 220, 8, '2018-06-30'),
(223, 221, 8, '2017-06-30'),
(224, 222, 9, '2018-06-30'),
(225, 223, 9, '2016-06-30'),
(226, 224, 9, '0000-00-00'),
(227, 225, 9, '2018-06-30'),
(228, 226, 9, '2015-06-30'),
(229, 227, 9, '2015-06-30'),
(230, 228, 9, '2017-06-30'),
(231, 229, 9, '2015-06-30'),
(232, 230, 9, '2015-05-31'),
(233, 231, 9, '0000-00-00'),
(234, 232, 9, '2016-06-30'),
(235, 233, 9, '0000-00-00'),
(236, 234, 9, '0000-00-00'),
(237, 235, 9, '2017-06-30'),
(238, 236, 9, '2019-06-30'),
(239, 237, 9, '2016-06-30'),
(240, 238, 9, '2017-06-30'),
(241, 239, 9, '2016-06-30'),
(242, 240, 9, '2015-06-30'),
(243, 241, 9, '2017-06-30'),
(244, 242, 9, '0000-00-00'),
(245, 243, 9, '0000-00-00'),
(246, 244, 9, '2015-06-30'),
(247, 245, 9, '2017-06-30'),
(248, 246, 9, '2016-06-30'),
(249, 247, 10, '2018-06-30'),
(250, 248, 10, '0000-00-00'),
(251, 249, 10, '0000-00-00'),
(252, 250, 10, '2015-05-31'),
(253, 251, 10, '0000-00-00'),
(254, 252, 10, '0000-00-00'),
(255, 253, 10, '2016-06-30'),
(256, 254, 10, '2016-06-30'),
(257, 255, 10, '2017-06-30'),
(258, 256, 10, '2017-06-30'),
(259, 257, 10, '0000-00-00'),
(260, 258, 10, '0000-00-00'),
(261, 259, 10, '0000-00-00'),
(262, 260, 10, '0000-00-00'),
(263, 261, 10, '0000-00-00'),
(264, 262, 10, '0000-00-00'),
(265, 263, 10, '2017-06-30'),
(266, 264, 10, '0000-00-00'),
(267, 265, 10, '0000-00-00'),
(268, 266, 10, '0000-00-00'),
(269, 267, 10, '0000-00-00'),
(270, 268, 10, '0000-00-00'),
(271, 269, 10, '0000-00-00'),
(272, 270, 10, '0000-00-00'),
(273, 271, 10, '2015-06-30'),
(274, 272, 10, '2016-06-30'),
(275, 273, 10, '0000-00-00'),
(276, 274, 11, '2019-06-30'),
(277, 275, 11, '0000-00-00'),
(278, 276, 11, '2015-06-30'),
(279, 277, 11, '2019-06-30'),
(280, 278, 11, '2016-06-30'),
(281, 279, 11, '2016-06-30'),
(282, 280, 11, '2018-06-30'),
(283, 281, 11, '2019-06-30'),
(284, 282, 11, '2016-06-30'),
(285, 283, 11, '2018-06-30'),
(286, 284, 11, '2019-06-30'),
(287, 285, 11, '2015-06-30'),
(288, 286, 11, '0000-00-00'),
(289, 287, 11, '2019-06-30'),
(290, 288, 11, '2016-06-30'),
(291, 289, 11, '2018-06-30'),
(292, 290, 11, '2017-06-30'),
(293, 291, 11, '2017-06-30'),
(294, 292, 11, '2018-06-30'),
(295, 293, 11, '2018-06-30'),
(296, 294, 11, '2017-06-30'),
(297, 295, 11, '0000-00-00'),
(298, 296, 11, '2018-06-30'),
(299, 297, 11, '2017-06-30'),
(300, 298, 11, '2015-06-30'),
(301, 299, 11, '2018-06-30'),
(302, 300, 11, '2019-06-30'),
(303, 301, 12, '2016-06-30'),
(304, 302, 12, '2018-06-30'),
(305, 303, 12, '2015-06-30'),
(306, 304, 12, '0000-00-00'),
(307, 305, 12, '0000-00-00'),
(308, 306, 12, '2019-06-30'),
(309, 307, 12, '2017-06-30'),
(310, 308, 12, '2019-06-30'),
(311, 309, 12, '2015-06-30'),
(312, 310, 12, '2016-06-30'),
(313, 311, 12, '2015-06-30'),
(314, 312, 12, '0000-00-00'),
(315, 313, 12, '0000-00-00'),
(316, 314, 12, '0000-00-00'),
(317, 315, 12, '0000-00-00'),
(318, 316, 12, '2015-06-30'),
(319, 317, 12, '2018-06-30'),
(320, 318, 12, '2016-06-30'),
(321, 319, 12, '2019-06-30'),
(322, 320, 12, '0000-00-00'),
(323, 321, 12, '0000-00-00'),
(324, 322, 12, '2017-06-30'),
(325, 323, 12, '2015-06-30'),
(326, 324, 12, '2017-06-30'),
(327, 325, 12, '0000-00-00'),
(328, 326, 12, '0000-00-00'),
(329, 327, 12, '2016-06-30'),
(330, 328, 12, '2019-06-30'),
(331, 329, 12, '2017-06-30'),
(332, 330, 12, '2016-06-30'),
(333, 331, 12, '2018-06-30'),
(334, 332, 12, '0000-00-00'),
(335, 333, 12, '2019-06-30'),
(336, 334, 13, '0000-00-00'),
(337, 335, 13, '2018-06-30'),
(338, 336, 13, '0000-00-00'),
(339, 337, 13, '2019-06-30'),
(340, 338, 13, '2017-06-30'),
(341, 339, 13, '2016-06-30'),
(342, 340, 13, '2015-06-30'),
(343, 341, 13, '2019-06-30'),
(344, 342, 13, '2019-06-30'),
(345, 343, 13, '2019-06-30'),
(346, 344, 13, '0000-00-00'),
(347, 345, 13, '0000-00-00'),
(348, 346, 13, '2015-06-30'),
(349, 347, 13, '0000-00-00'),
(350, 348, 13, '0000-00-00'),
(351, 349, 13, '0000-00-00'),
(352, 350, 13, '2018-06-30'),
(353, 351, 13, '2018-06-30'),
(354, 352, 13, '2017-06-30'),
(355, 353, 13, '2018-06-30'),
(356, 354, 13, '2016-06-30'),
(357, 355, 13, '2016-06-30'),
(358, 356, 13, '0000-00-00'),
(359, 357, 13, '0000-00-00'),
(360, 358, 13, '2016-06-30'),
(361, 359, 13, '2016-06-30'),
(362, 360, 13, '2019-06-30'),
(363, 361, 13, '2016-06-30'),
(364, 362, 13, '2016-06-30'),
(365, 363, 13, '2015-05-31'),
(366, 364, 13, '0000-00-00'),
(367, 365, 13, '0000-00-00'),
(368, 366, 14, '0000-00-00'),
(369, 367, 14, '2018-06-30'),
(370, 368, 14, '0000-00-00'),
(371, 369, 14, '0000-00-00'),
(372, 370, 14, '2016-06-30'),
(373, 371, 14, '2015-06-30'),
(374, 372, 14, '2018-06-30'),
(375, 373, 14, '0000-00-00'),
(376, 374, 14, '2015-06-30'),
(377, 375, 14, '2015-05-31'),
(378, 376, 14, '0000-00-00'),
(379, 377, 14, '0000-00-00'),
(380, 378, 14, '2017-06-30'),
(381, 379, 14, '2018-06-30'),
(382, 380, 14, '2018-06-30'),
(383, 381, 14, '0000-00-00'),
(384, 382, 14, '2017-06-30'),
(385, 383, 14, '0000-00-00'),
(386, 384, 14, '0000-00-00'),
(387, 385, 14, '0000-00-00'),
(388, 386, 14, '0000-00-00'),
(389, 387, 14, '2018-06-30'),
(390, 388, 14, '2016-06-30'),
(391, 389, 14, '2018-06-30'),
(392, 390, 14, '2017-06-30'),
(393, 391, 14, '2017-06-30'),
(394, 392, 14, '2018-06-30'),
(395, 393, 15, '2016-06-30'),
(396, 394, 15, '0000-00-00'),
(397, 395, 15, '0000-00-00'),
(398, 396, 15, '2017-06-30'),
(399, 397, 15, '2019-06-30'),
(400, 398, 15, '2017-06-30'),
(401, 399, 15, '2018-06-30'),
(402, 400, 15, '2019-06-30'),
(403, 401, 15, '2017-06-30'),
(404, 402, 15, '2015-06-30'),
(405, 403, 15, '2017-06-30'),
(406, 404, 15, '2016-06-30'),
(407, 405, 15, '0000-00-00'),
(408, 406, 15, '0000-00-00'),
(409, 407, 15, '2015-06-30'),
(410, 408, 15, '2019-06-30'),
(411, 409, 15, '2016-06-30'),
(412, 410, 15, '2017-06-30'),
(413, 411, 15, '2014-12-31'),
(414, 412, 15, '2019-06-30'),
(415, 413, 15, '2017-06-30'),
(416, 414, 15, '0000-00-00'),
(417, 415, 15, '0000-00-00'),
(418, 416, 15, '2018-06-30'),
(419, 417, 15, '2019-06-30'),
(420, 418, 15, '2018-06-30'),
(421, 419, 16, '0000-00-00'),
(422, 420, 16, '0000-00-00'),
(423, 421, 16, '0000-00-00'),
(424, 422, 16, '0000-00-00'),
(425, 423, 16, '0000-00-00'),
(426, 424, 16, '0000-00-00'),
(427, 425, 16, '2018-06-30'),
(428, 426, 16, '0000-00-00'),
(429, 427, 16, '2015-05-31'),
(430, 428, 16, '0000-00-00'),
(431, 429, 16, '0000-00-00'),
(432, 430, 16, '0000-00-00'),
(433, 431, 16, '0000-00-00'),
(434, 432, 16, '0000-00-00'),
(435, 433, 16, '0000-00-00'),
(436, 434, 16, '0000-00-00'),
(437, 435, 16, '0000-00-00'),
(438, 436, 16, '0000-00-00'),
(439, 437, 16, '0000-00-00'),
(440, 438, 16, '2015-06-30'),
(441, 439, 16, '2015-06-30'),
(442, 440, 16, '2015-06-30'),
(443, 441, 16, '2019-06-30'),
(444, 442, 16, '2017-06-30'),
(445, 443, 16, '0000-00-00'),
(446, 444, 16, '2018-06-30'),
(447, 445, 16, '0000-00-00'),
(448, 446, 16, '2019-06-30'),
(449, 447, 17, '2018-06-30'),
(450, 448, 17, '0000-00-00'),
(451, 449, 17, '0000-00-00'),
(452, 450, 17, '2017-06-30'),
(453, 451, 17, '2016-06-30'),
(454, 452, 17, '0000-00-00'),
(455, 453, 17, '2016-06-30'),
(456, 454, 17, '0000-00-00'),
(457, 455, 17, '0000-00-00'),
(458, 456, 17, '2018-06-30'),
(459, 457, 17, '0000-00-00'),
(460, 458, 17, '0000-00-00'),
(461, 459, 17, '0000-00-00'),
(462, 460, 17, '2018-06-30'),
(463, 461, 17, '0000-00-00'),
(464, 462, 17, '2017-06-30'),
(465, 463, 17, '2017-06-30'),
(466, 464, 17, '2015-05-31'),
(467, 465, 17, '0000-00-00'),
(468, 466, 17, '0000-00-00'),
(469, 467, 17, '0000-00-00'),
(470, 468, 17, '0000-00-00'),
(471, 469, 17, '0000-00-00'),
(472, 470, 17, '0000-00-00'),
(473, 471, 17, '2017-06-30'),
(474, 472, 17, '0000-00-00'),
(475, 473, 17, '2018-06-30'),
(476, 474, 17, '2018-06-30'),
(477, 475, 17, '0000-00-00'),
(478, 476, 18, '2018-06-30'),
(479, 477, 18, '2019-06-30'),
(480, 478, 18, '0000-00-00'),
(481, 479, 18, '2019-06-30'),
(482, 480, 18, '2018-06-30'),
(483, 481, 18, '2017-06-30'),
(484, 482, 18, '2017-06-30'),
(485, 483, 18, '2017-06-30'),
(486, 484, 18, '0000-00-00'),
(487, 485, 18, '0000-00-00'),
(488, 486, 18, '0000-00-00'),
(489, 487, 18, '2016-06-30'),
(490, 488, 18, '2015-06-30'),
(491, 489, 18, '2018-06-30'),
(492, 490, 18, '2018-06-30'),
(493, 491, 18, '2018-06-30'),
(494, 492, 18, '2016-06-30'),
(495, 493, 18, '2015-06-30'),
(496, 494, 18, '2020-06-30'),
(497, 495, 18, '2015-06-30'),
(498, 496, 18, '2018-06-30'),
(499, 497, 18, '0000-00-00'),
(500, 498, 18, '0000-00-00'),
(501, 499, 18, '2016-06-30'),
(502, 500, 18, '2018-06-30'),
(503, 501, 18, '2016-06-30'),
(504, 502, 18, '2018-06-30'),
(505, 503, 18, '2018-06-30'),
(506, 504, 18, '2017-06-30'),
(507, 505, 18, '2019-06-30'),
(508, 506, 18, '2016-06-30'),
(509, 507, 18, '2015-06-30'),
(510, 508, 19, '2017-06-30'),
(511, 509, 19, '0000-00-00'),
(512, 510, 19, '0000-00-00'),
(513, 511, 19, '2016-06-30'),
(514, 512, 19, '2016-06-30'),
(515, 513, 19, '0000-00-00'),
(516, 514, 19, '0000-00-00'),
(517, 515, 19, '0000-00-00'),
(518, 516, 19, '2020-06-30'),
(519, 517, 19, '0000-00-00'),
(520, 518, 19, '0000-00-00'),
(521, 519, 19, '0000-00-00'),
(522, 520, 19, '2019-06-30'),
(523, 521, 19, '2017-06-30'),
(524, 522, 19, '2020-06-30'),
(525, 523, 19, '2019-06-30'),
(526, 524, 19, '0000-00-00'),
(527, 525, 19, '2020-06-30'),
(528, 526, 19, '2016-06-30'),
(529, 527, 19, '2017-06-30'),
(530, 528, 19, '0000-00-00'),
(531, 529, 19, '2017-06-30'),
(532, 530, 19, '2017-06-30'),
(533, 531, 19, '2017-06-30'),
(534, 532, 19, '2015-06-30'),
(535, 533, 19, '2019-06-30'),
(536, 534, 19, '2016-06-30'),
(537, 535, 19, '0000-00-00'),
(538, 536, 19, '0000-00-00'),
(539, 537, 19, '0000-00-00'),
(540, 538, 19, '0000-00-00'),
(541, 539, 20, '2016-06-30'),
(542, 540, 20, '0000-00-00'),
(543, 541, 20, '2017-06-30'),
(544, 542, 20, '2017-06-30'),
(545, 543, 20, '2016-06-30'),
(546, 544, 20, '2017-06-30'),
(547, 545, 20, '0000-00-00'),
(548, 546, 20, '2018-06-30'),
(549, 547, 20, '0000-00-00'),
(550, 548, 20, '0000-00-00'),
(551, 549, 20, '0000-00-00'),
(552, 550, 20, '2017-06-30'),
(553, 551, 20, '0000-00-00'),
(554, 552, 20, '2015-05-31'),
(555, 553, 20, '2016-06-30'),
(556, 554, 20, '2016-06-30'),
(557, 555, 20, '0000-00-00'),
(558, 556, 20, '0000-00-00'),
(559, 557, 20, '0000-00-00'),
(560, 558, 20, '0000-00-00'),
(561, 559, 20, '2017-06-30'),
(562, 560, 20, '2018-06-30'),
(563, 561, 20, '2015-06-30'),
(564, 562, 20, '2015-05-31'),
(565, 563, 20, '0000-00-00'),
(566, 564, 20, '2018-06-30');

-- --------------------------------------------------------

--
-- Структура таблицы `tbl_soccer_season`
--

CREATE TABLE IF NOT EXISTS `tbl_soccer_season` (
`id` int(11) NOT NULL,
  `years` varchar(255) NOT NULL,
  `start_day` date NOT NULL,
  `finish_day` date NOT NULL
) ENGINE=MyISAM  DEFAULT CHARSET=utf8 AUTO_INCREMENT=2 ;

--
-- Дамп данных таблицы `tbl_soccer_season`
--

INSERT INTO `tbl_soccer_season` (`id`, `years`, `start_day`, `finish_day`) VALUES
(1, '2014/2015', '2014-08-16', '2015-05-24');

-- --------------------------------------------------------

--
-- Структура таблицы `tbl_soccer_stadium`
--

CREATE TABLE IF NOT EXISTS `tbl_soccer_stadium` (
`id` int(11) NOT NULL,
  `name` varchar(255) NOT NULL,
  `country_id` int(11) NOT NULL,
  `city` varchar(255) DEFAULT NULL,
  `capacity` int(11) DEFAULT NULL,
  `field_size` varchar(255) DEFAULT NULL,
  `photo_img` varchar(255) DEFAULT NULL,
  `founded` int(11) DEFAULT NULL,
  `wiki` text,
  `map` text
) ENGINE=MyISAM  DEFAULT CHARSET=utf8 AUTO_INCREMENT=21 ;

--
-- Дамп данных таблицы `tbl_soccer_stadium`
--

INSERT INTO `tbl_soccer_stadium` (`id`, `name`, `country_id`, `city`, `capacity`, `field_size`, `photo_img`, `founded`, `wiki`, `map`) VALUES
(1, 'Стэмфорд Бридж', 51, 'Лондон', 41841, '103 x 67 м', '1e1eef.jpg', 1877, NULL, NULL),
(2, 'Лофтус', 51, 'Лондон', 18360, '102 x 66 м', '5f1fdc.jpg', 1904, NULL, NULL),
(3, 'Олд Траффорд', 51, 'Манчестер', 76212, '105 x 68 м', 'd89dc0.jpg', 1910, NULL, NULL),
(4, 'Терф Мур', 51, 'Бернли', 22546, '105 x 68 м', 'c26777.jpg', 1883, NULL, NULL),
(5, 'Кинг Пауэр', 51, 'Лестер', 32500, '101 x 67 м', 'ead84f.jpg', 2002, NULL, NULL),
(6, 'Селхерст Парк', 51, 'Лондон', 26309, '101 x 68 м', '7549f9.jpg', 1924, NULL, NULL),
(7, 'Вилла Парк', 51, 'Бирмингем', 42788, '105 x 68 м', 'd89780.jpg', 1897, NULL, NULL),
(8, 'Кингстон Коммьюникейшн', 51, 'Кингстон-апон-Халл', 25504, '105 x 68 м', '7f1950.jpg', 2002, NULL, NULL),
(9, 'Стэдиум оф Лайт', 51, 'Сандерленд', 49000, '105 x 68 м', '9427f1.jpg', 1997, NULL, NULL),
(10, 'Хоторн', 51, 'Вест Бромвич', 28003, '115 x 74 м', 'c9cca5.jpg', 1900, NULL, NULL),
(11, 'Уайт Харт Лейн', 51, 'Лондон', 36763, '105 x 68 м', 'a25621.jpg', 1899, NULL, NULL),
(12, 'Энфилд', 51, 'Ливерпуль', 45362, '101 x 68 м', '1662ae.jpg', 1884, NULL, NULL),
(13, 'Гудисон Парк', 51, 'Ливерпуль', 40569, '92 x 62 м', 'a34c9c.jpg', 1892, NULL, NULL),
(14, 'Сент-Мэрис', 51, 'Саутгемптон', 32689, '102 x 68 м', 'f31533.jpg', 2001, NULL, NULL),
(15, 'Этихад', 51, 'Манчестер', 47726, '106 x 71 м', 'e65eec.jpg', 2002, NULL, NULL),
(16, 'Болейн Граунд', 51, 'Лондон', 35303, '102 x 66 м', '0f374a.jpg', 1904, NULL, NULL),
(17, 'Либерти', 2, 'Суонси', 20769, '105 x 68 м', '12f9ec.jpg', 2005, NULL, NULL),
(18, 'Эмирейтс', 51, 'Лондон', 60355, '105 x 68 м', '76731d.jpg', 2006, NULL, NULL),
(19, 'Сент-Джеймс Парк', 51, 'Ньюкасл', 52389, '105 x 68 м', '13517d.jpg', 1892, NULL, NULL),
(20, 'Британия Стэдиум', 51, 'Сток-он-Трент', 28383, '100 x 64 м', '91932b.jpg', 1997, NULL, NULL);

-- --------------------------------------------------------

--
-- Структура таблицы `tbl_soccer_stadium_team`
--

CREATE TABLE IF NOT EXISTS `tbl_soccer_stadium_team` (
`id` int(11) NOT NULL,
  `sid` int(11) NOT NULL,
  `tid` int(11) NOT NULL
) ENGINE=MyISAM  DEFAULT CHARSET=utf8 AUTO_INCREMENT=21 ;

--
-- Дамп данных таблицы `tbl_soccer_stadium_team`
--

INSERT INTO `tbl_soccer_stadium_team` (`id`, `sid`, `tid`) VALUES
(1, 1, 1),
(2, 2, 2),
(3, 3, 3),
(4, 4, 4),
(5, 5, 5),
(6, 6, 6),
(7, 7, 7),
(8, 8, 8),
(9, 9, 9),
(10, 10, 10),
(11, 11, 11),
(12, 12, 12),
(13, 13, 13),
(14, 14, 14),
(15, 15, 15),
(16, 16, 16),
(17, 17, 17),
(18, 18, 18),
(19, 19, 19),
(20, 20, 20);

-- --------------------------------------------------------

--
-- Структура таблицы `tbl_soccer_team`
--

CREATE TABLE IF NOT EXISTS `tbl_soccer_team` (
`id` int(11) NOT NULL,
  `name` varchar(255) NOT NULL,
  `rusname` varchar(255) NOT NULL,
  `logo_img` varchar(255) NOT NULL,
  `kits_img` varchar(255) DEFAULT NULL,
  `f_api_id` int(11) DEFAULT NULL,
  `founded` varchar(255) DEFAULT NULL,
  `site` varchar(255) DEFAULT NULL,
  `phone` varchar(255) DEFAULT NULL
) ENGINE=MyISAM  DEFAULT CHARSET=utf8 AUTO_INCREMENT=21 ;

--
-- Дамп данных таблицы `tbl_soccer_team`
--

INSERT INTO `tbl_soccer_team` (`id`, `name`, `rusname`, `logo_img`, `kits_img`, `f_api_id`, `founded`, `site`, `phone`) VALUES
(1, 'Chelsea FC', 'Челси', '202aee.png', NULL, 9092, '1905', 'www.chelseafc.com', ' 44 (871) 984 1955'),
(2, 'Queens Park Rangers FC', 'Куинз Парк Рейнджерс', '1b44d6.png', NULL, 9318, '1885', 'www.qpr.co.uk', ' 44 (208) 743 0262'),
(3, 'Manchester United FC', 'Манчестер Юнайтед', '9eca56.png', NULL, 9260, '1878', 'www.manutd.com', ' 44 (870) 442 1994'),
(4, 'Burnley FC', 'Бернли', '3e0a3c.png', NULL, 9072, '1882', 'www.burnleyfootballclub.com', ' 44 (870) 443 1882'),
(5, 'Leicester City FC', 'Лестер', '99dc52.png', NULL, 9240, '1884', 'www.lcfc.com', ' 44 (870) 040 6000'),
(6, 'Crystal Palace FC', 'Кристал Пэлас', '362c99.png', NULL, 9127, '1905', 'www.cpfc.co.uk', ' 44 (208) 768 6000'),
(7, 'Aston Villa FC', 'Астон Вилла', 'ff477d.png', NULL, 9008, '1874', 'www.avfc.co.uk', ' 44 (121) 327 2299'),
(8, 'Hull City AFC', 'Халл Сити', '924c45.png', NULL, 9221, '1904', 'www.hullcityafc.net', ' 44 (1482) 504 600'),
(9, 'Sunderland AFC', 'Сандерленд', '2c4951.png', NULL, 9384, '1879', 'www.safc.com', ' 44 (871) 911 1200'),
(10, 'West Bromwich Albion FC', 'Вест Бромвич', 'bdfcc3.png', NULL, 9426, '1878', 'www.wbafc.co.uk', ' 44 (871) 271 1100'),
(11, 'Tottenham Hotspur FC', 'Тоттенхэм', 'af702d.png', NULL, 9406, '1882', 'www.tottenhamhotspur.com', ' 44 (844) 499 5000'),
(12, 'Liverpool FC', 'Ливерпуль', '13d6c6.png', NULL, 9249, '1892', 'www.liverpoolfc.tv', ' 44 (151) 263 2361'),
(13, 'Everton FC', 'Эвертон', 'd8f61e.png', NULL, 9158, '1878', 'www.evertonfc.com', ' 44 (871) 663 1878'),
(14, 'Southampton FC', 'Саутгемптон', '9a90ee.png', NULL, 9363, '1885', 'www.saintsfc.co.uk', ' 44 (845) 688 9448'),
(15, 'Manchester City FC', 'Манчестер Сити', '38b670.png', NULL, 9259, '1880', 'www.mcfc.co.uk', ' 44 (870) 062 1894'),
(16, 'West Ham United FC', 'Вест Хэм', '860ee1.png', NULL, 9427, '1895', 'www.whufc.com', ' 44 (208) 548 2748'),
(17, 'Swansea City AFC', 'Суонси', '029f7a.png', NULL, 9387, '1912', 'www.swanseacity.net', ' 44 (1792) 616 600'),
(18, 'Arsenal FC', 'Арсенал', '5fd01a.png', NULL, 9002, '1886', 'www.arsenal.com', ' 44 (207) 619 5003'),
(19, 'Newcastle United FC', 'Ньюкасл', 'f40b1d.png', NULL, 9287, '1881', 'www.nufc.co.uk', ' 44 (844) 372 1892'),
(20, 'Stoke City FC', 'Сток Сити', '17d096.png', NULL, 9378, '1868', 'www.stokecityfc.com', ' 44 (871) 663 2008');

-- --------------------------------------------------------

--
-- Структура таблицы `tbl_soccer_tournament`
--

CREATE TABLE IF NOT EXISTS `tbl_soccer_tournament` (
`id` int(11) NOT NULL,
  `name` varchar(255) NOT NULL
) ENGINE=MyISAM  DEFAULT CHARSET=utf8 AUTO_INCREMENT=3 ;

--
-- Дамп данных таблицы `tbl_soccer_tournament`
--

INSERT INTO `tbl_soccer_tournament` (`id`, `name`) VALUES
(1, 'Премьер Лига');

-- --------------------------------------------------------

--
-- Структура таблицы `tbl_users`
--

CREATE TABLE IF NOT EXISTS `tbl_users` (
`id` int(11) NOT NULL,
  `username` varchar(20) NOT NULL,
  `password` varchar(128) NOT NULL,
  `email` varchar(128) NOT NULL,
  `activkey` varchar(128) NOT NULL DEFAULT '',
  `create_at` timestamp NOT NULL DEFAULT CURRENT_TIMESTAMP,
  `lastvisit_at` timestamp NOT NULL DEFAULT '0000-00-00 00:00:00',
  `superuser` int(1) NOT NULL DEFAULT '0',
  `status` int(1) NOT NULL DEFAULT '0',
  `service` varchar(255) DEFAULT NULL,
  `identity` varchar(255) DEFAULT NULL
) ENGINE=InnoDB  DEFAULT CHARSET=utf8 AUTO_INCREMENT=42 ;

--
-- Дамп данных таблицы `tbl_users`
--

INSERT INTO `tbl_users` (`id`, `username`, `password`, `email`, `activkey`, `create_at`, `lastvisit_at`, `superuser`, `status`, `service`, `identity`) VALUES
(1, 'admin', '21232f297a57a5a743894a0e4a801fc3', 'fxl@list.ru', '9a24eff8c15a6a141ece27eb6947da0f', '2014-10-30 13:16:10', '2014-11-17 13:15:31', 1, 1, NULL, NULL),
(2, 'demo2', 'fe01ce2a7fbac8fafaed7c982a04e229', 'demo@example.com', '099f825543f7850cc038b90aaff39fac', '2014-10-30 13:16:10', '2014-11-05 01:50:22', 0, 1, NULL, NULL),
(3, 'suarez', '9158734e4b7a59bf335376ef2f7dfd33', 'fxl3@list.ru', '2ddf0d284effd866467bb2c3b06dbd22', '2014-10-30 13:30:13', '0000-00-00 00:00:00', 0, 0, NULL, NULL),
(4, 'suarez2', '904b8724e550ac683eecb6f051fd20ac', 'fxl2@list.ru', '0f3dea9139d3d6ccb13cf2c4c78960f5', '2014-10-30 13:37:25', '0000-00-00 00:00:00', 0, 0, NULL, NULL),
(5, 'suarez3', 'cfac9b4e242b1fab9624151fd92d1359', 'suarez3@mail.ru', 'd2098d1128a451e8d32b87b1897b0ede', '2014-10-30 13:38:20', '0000-00-00 00:00:00', 0, 1, NULL, NULL),
(6, 'suarezsuarez', 'db1153c8e789c238b63a021271a2a118', 'fxl@List2.ru', 'e45174c006f0b4ffdc891346b3a19ea7', '2014-10-30 13:40:41', '2014-11-08 14:37:22', 0, 1, NULL, NULL),
(7, 'Alexey', '3fd20d5e334d343b05102be6af58cbf2', 'suarezsuarez2@mail.ru', 'd2b6acaf2bd6761850da4099cd034004', '2014-10-30 14:15:45', '2014-11-03 11:01:46', 0, 1, NULL, NULL),
(8, 'julia', '24991bea13cdec9759e0db813306fe5f', 'julia@mail.ru', 'bf9683a2e3a6717cb95fd062eb540e05', '2014-11-05 19:12:32', '2014-11-18 12:37:33', 0, 1, NULL, NULL),
(9, 'Gerrard93', 'be4035277651b12e1fa08b9b7d55bd35', 'Gerrard93@mail.ru', '5da5db2ecb0fa4b628703085fd19b502', '2014-11-05 19:15:25', '2014-11-05 14:16:06', 0, 1, NULL, NULL),
(38, 'userauth3406c1a01c', '0b2c8b7368983cd2b2973a98c562db56', '3406c@mail.ru', '', '2014-11-16 23:47:12', '2014-11-16 23:47:12', 0, 1, 'facebook', '651453191642567'),
(41, 'userautha723572696', 'eb7b0efe18e4a319490b88e1007bdf8a', 'emmalahana@yandex.ru', '', '2014-11-17 20:01:13', '2014-11-17 20:01:13', 0, 1, NULL, NULL);

-- --------------------------------------------------------

--
-- Структура таблицы `tbl_user_service`
--

CREATE TABLE IF NOT EXISTS `tbl_user_service` (
`id` int(11) NOT NULL,
  `uid` int(11) NOT NULL,
  `service` varchar(255) NOT NULL,
  `identity` varchar(255) NOT NULL
) ENGINE=MyISAM  DEFAULT CHARSET=utf8 AUTO_INCREMENT=8 ;

--
-- Дамп данных таблицы `tbl_user_service`
--

INSERT INTO `tbl_user_service` (`id`, `uid`, `service`, `identity`) VALUES
(1, 1, 'facebook', '2147483647'),
(2, 1, 'facebook', '2147483647'),
(3, 1, 'facebook', '651453191642567'),
(6, 1, 'vkontakte', '18770763'),
(7, 41, 'vkontakte', '170023094');

--
-- Indexes for dumped tables
--

--
-- Indexes for table `authassignment`
--
ALTER TABLE `authassignment`
 ADD PRIMARY KEY (`itemname`,`userid`);

--
-- Indexes for table `authitem`
--
ALTER TABLE `authitem`
 ADD PRIMARY KEY (`name`);

--
-- Indexes for table `authitemchild`
--
ALTER TABLE `authitemchild`
 ADD PRIMARY KEY (`parent`,`child`), ADD KEY `child` (`child`);

--
-- Indexes for table `rights`
--
ALTER TABLE `rights`
 ADD PRIMARY KEY (`itemname`);

--
-- Indexes for table `tbl_friend`
--
ALTER TABLE `tbl_friend`
 ADD PRIMARY KEY (`id`), ADD KEY `user1` (`user1`), ADD KEY `user2` (`user2`);

--
-- Indexes for table `tbl_mchat`
--
ALTER TABLE `tbl_mchat`
 ADD PRIMARY KEY (`id`), ADD KEY `user_id` (`user_id`);

--
-- Indexes for table `tbl_messages`
--
ALTER TABLE `tbl_messages`
 ADD PRIMARY KEY (`id`), ADD KEY `sender` (`sender_id`), ADD KEY `reciever` (`receiver_id`);

--
-- Indexes for table `tbl_profiles`
--
ALTER TABLE `tbl_profiles`
 ADD PRIMARY KEY (`user_id`);

--
-- Indexes for table `tbl_profiles_fields`
--
ALTER TABLE `tbl_profiles_fields`
 ADD PRIMARY KEY (`id`), ADD KEY `varname` (`varname`,`widget`,`visible`);

--
-- Indexes for table `tbl_soccer_coach`
--
ALTER TABLE `tbl_soccer_coach`
 ADD PRIMARY KEY (`id`);

--
-- Indexes for table `tbl_soccer_coach_team`
--
ALTER TABLE `tbl_soccer_coach_team`
 ADD PRIMARY KEY (`id`), ADD KEY `cid` (`cid`), ADD KEY `tid` (`tid`);

--
-- Indexes for table `tbl_soccer_country`
--
ALTER TABLE `tbl_soccer_country`
 ADD PRIMARY KEY (`id`);

--
-- Indexes for table `tbl_soccer_match`
--
ALTER TABLE `tbl_soccer_match`
 ADD PRIMARY KEY (`id`);

--
-- Indexes for table `tbl_soccer_player`
--
ALTER TABLE `tbl_soccer_player`
 ADD PRIMARY KEY (`id`);

--
-- Indexes for table `tbl_soccer_player_team`
--
ALTER TABLE `tbl_soccer_player_team`
 ADD PRIMARY KEY (`id`), ADD KEY `tbl_soccer_player_team_ibfk_1` (`pid`);

--
-- Indexes for table `tbl_soccer_season`
--
ALTER TABLE `tbl_soccer_season`
 ADD PRIMARY KEY (`id`);

--
-- Indexes for table `tbl_soccer_stadium`
--
ALTER TABLE `tbl_soccer_stadium`
 ADD PRIMARY KEY (`id`);

--
-- Indexes for table `tbl_soccer_stadium_team`
--
ALTER TABLE `tbl_soccer_stadium_team`
 ADD PRIMARY KEY (`id`);

--
-- Indexes for table `tbl_soccer_team`
--
ALTER TABLE `tbl_soccer_team`
 ADD PRIMARY KEY (`id`);

--
-- Indexes for table `tbl_soccer_tournament`
--
ALTER TABLE `tbl_soccer_tournament`
 ADD PRIMARY KEY (`id`);

--
-- Indexes for table `tbl_users`
--
ALTER TABLE `tbl_users`
 ADD PRIMARY KEY (`id`), ADD UNIQUE KEY `username` (`username`), ADD UNIQUE KEY `email` (`email`), ADD KEY `status` (`status`), ADD KEY `superuser` (`superuser`);

--
-- Indexes for table `tbl_user_service`
--
ALTER TABLE `tbl_user_service`
 ADD PRIMARY KEY (`id`);

--
-- AUTO_INCREMENT for dumped tables
--

--
-- AUTO_INCREMENT for table `tbl_friend`
--
ALTER TABLE `tbl_friend`
MODIFY `id` int(11) NOT NULL AUTO_INCREMENT,AUTO_INCREMENT=197;
--
-- AUTO_INCREMENT for table `tbl_mchat`
--
ALTER TABLE `tbl_mchat`
MODIFY `id` int(11) NOT NULL AUTO_INCREMENT,AUTO_INCREMENT=19;
--
-- AUTO_INCREMENT for table `tbl_messages`
--
ALTER TABLE `tbl_messages`
MODIFY `id` int(11) NOT NULL AUTO_INCREMENT,AUTO_INCREMENT=13;
--
-- AUTO_INCREMENT for table `tbl_profiles`
--
ALTER TABLE `tbl_profiles`
MODIFY `user_id` int(11) NOT NULL AUTO_INCREMENT,AUTO_INCREMENT=42;
--
-- AUTO_INCREMENT for table `tbl_profiles_fields`
--
ALTER TABLE `tbl_profiles_fields`
MODIFY `id` int(10) NOT NULL AUTO_INCREMENT,AUTO_INCREMENT=14;
--
-- AUTO_INCREMENT for table `tbl_soccer_coach`
--
ALTER TABLE `tbl_soccer_coach`
MODIFY `id` int(11) NOT NULL AUTO_INCREMENT,AUTO_INCREMENT=21;
--
-- AUTO_INCREMENT for table `tbl_soccer_coach_team`
--
ALTER TABLE `tbl_soccer_coach_team`
MODIFY `id` int(11) NOT NULL AUTO_INCREMENT,AUTO_INCREMENT=21;
--
-- AUTO_INCREMENT for table `tbl_soccer_country`
--
ALTER TABLE `tbl_soccer_country`
MODIFY `id` int(11) NOT NULL AUTO_INCREMENT,AUTO_INCREMENT=52;
--
-- AUTO_INCREMENT for table `tbl_soccer_match`
--
ALTER TABLE `tbl_soccer_match`
MODIFY `id` int(11) NOT NULL AUTO_INCREMENT,AUTO_INCREMENT=383;
--
-- AUTO_INCREMENT for table `tbl_soccer_player`
--
ALTER TABLE `tbl_soccer_player`
MODIFY `id` int(11) NOT NULL AUTO_INCREMENT,AUTO_INCREMENT=565;
--
-- AUTO_INCREMENT for table `tbl_soccer_player_team`
--
ALTER TABLE `tbl_soccer_player_team`
MODIFY `id` int(11) NOT NULL AUTO_INCREMENT,AUTO_INCREMENT=567;
--
-- AUTO_INCREMENT for table `tbl_soccer_season`
--
ALTER TABLE `tbl_soccer_season`
MODIFY `id` int(11) NOT NULL AUTO_INCREMENT,AUTO_INCREMENT=2;
--
-- AUTO_INCREMENT for table `tbl_soccer_stadium`
--
ALTER TABLE `tbl_soccer_stadium`
MODIFY `id` int(11) NOT NULL AUTO_INCREMENT,AUTO_INCREMENT=21;
--
-- AUTO_INCREMENT for table `tbl_soccer_stadium_team`
--
ALTER TABLE `tbl_soccer_stadium_team`
MODIFY `id` int(11) NOT NULL AUTO_INCREMENT,AUTO_INCREMENT=21;
--
-- AUTO_INCREMENT for table `tbl_soccer_team`
--
ALTER TABLE `tbl_soccer_team`
MODIFY `id` int(11) NOT NULL AUTO_INCREMENT,AUTO_INCREMENT=21;
--
-- AUTO_INCREMENT for table `tbl_soccer_tournament`
--
ALTER TABLE `tbl_soccer_tournament`
MODIFY `id` int(11) NOT NULL AUTO_INCREMENT,AUTO_INCREMENT=3;
--
-- AUTO_INCREMENT for table `tbl_users`
--
ALTER TABLE `tbl_users`
MODIFY `id` int(11) NOT NULL AUTO_INCREMENT,AUTO_INCREMENT=42;
--
-- AUTO_INCREMENT for table `tbl_user_service`
--
ALTER TABLE `tbl_user_service`
MODIFY `id` int(11) NOT NULL AUTO_INCREMENT,AUTO_INCREMENT=8;
--
-- Ограничения внешнего ключа сохраненных таблиц
--

--
-- Ограничения внешнего ключа таблицы `authassignment`
--
ALTER TABLE `authassignment`
ADD CONSTRAINT `authassignment_ibfk_1` FOREIGN KEY (`itemname`) REFERENCES `authitem` (`name`) ON DELETE CASCADE ON UPDATE CASCADE;

--
-- Ограничения внешнего ключа таблицы `authitemchild`
--
ALTER TABLE `authitemchild`
ADD CONSTRAINT `authitemchild_ibfk_1` FOREIGN KEY (`parent`) REFERENCES `authitem` (`name`) ON DELETE CASCADE ON UPDATE CASCADE,
ADD CONSTRAINT `authitemchild_ibfk_2` FOREIGN KEY (`child`) REFERENCES `authitem` (`name`) ON DELETE CASCADE ON UPDATE CASCADE;

--
-- Ограничения внешнего ключа таблицы `rights`
--
ALTER TABLE `rights`
ADD CONSTRAINT `rights_ibfk_1` FOREIGN KEY (`itemname`) REFERENCES `authitem` (`name`) ON DELETE CASCADE ON UPDATE CASCADE;

--
-- Ограничения внешнего ключа таблицы `tbl_friend`
--
ALTER TABLE `tbl_friend`
ADD CONSTRAINT `tbl_friend_ibfk_1` FOREIGN KEY (`user1`) REFERENCES `tbl_users` (`id`),
ADD CONSTRAINT `tbl_friend_ibfk_2` FOREIGN KEY (`user2`) REFERENCES `tbl_users` (`id`);

--
-- Ограничения внешнего ключа таблицы `tbl_mchat`
--
ALTER TABLE `tbl_mchat`
ADD CONSTRAINT `tbl_mchat_ibfk_1` FOREIGN KEY (`user_id`) REFERENCES `tbl_users` (`id`);

--
-- Ограничения внешнего ключа таблицы `tbl_profiles`
--
ALTER TABLE `tbl_profiles`
ADD CONSTRAINT `user_profile_id` FOREIGN KEY (`user_id`) REFERENCES `tbl_users` (`id`) ON DELETE CASCADE;

/*!40101 SET CHARACTER_SET_CLIENT=@OLD_CHARACTER_SET_CLIENT */;
/*!40101 SET CHARACTER_SET_RESULTS=@OLD_CHARACTER_SET_RESULTS */;
/*!40101 SET COLLATION_CONNECTION=@OLD_COLLATION_CONNECTION */;
